ds,zone_sk,congestion_forecast,congestion_lower,congestion_upper
2019-01-01,1,1.389,0.066,2.853
2019-01-02,1,1.7753,0.3477,3.1812
2019-02-01,1,1.7439,0.2786,3.1648
2019-02-02,1,1.8652,0.419,3.2108
2019-02-03,1,1.8864,0.511,3.3054
2019-02-04,1,1.9401,0.603,3.375
2019-02-05,1,1.7463,0.2921,3.1154
2019-02-06,1,1.8433,0.385,3.3154
2019-03-01,1,2.182,0.7489,3.7418
2019-03-02,1,2.2463,0.8761,3.6182
2019-03-03,1,2.1973,0.7631,3.5868
2019-03-04,1,2.1684,0.8233,3.5712
2019-03-05,1,1.8807,0.4454,3.2766
2019-03-06,1,1.874,0.5095,3.2697
2019-03-07,1,1.7811,0.3089,3.205
2019-03-08,1,1.589,0.1447,2.9222
2019-03-09,1,1.6308,0.1331,3.1677
2019-03-10,1,1.5726,0.0479,2.9484
2019-04-01,1,2.9528,1.5369,4.3829
2019-04-02,1,2.8867,1.6015,4.4026
2019-04-03,1,3.095,1.7013,4.5156
2019-04-04,1,3.2064,1.7586,4.7629
2019-04-05,1,3.2039,1.738,4.5963
2019-04-06,1,3.4169,1.9246,4.7617
2019-04-07,1,3.5083,2.0254,4.9219
2019-04-08,1,3.6091,2.0846,4.958
2019-04-09,1,3.4383,2.103,4.8525
2019-04-10,1,3.5338,2.1349,4.9444
2019-04-11,1,3.5266,2.0857,5.0108
2019-04-12,1,3.4023,2.1031,4.8225
2019-04-13,1,3.4925,2.0627,4.9226
2019-05-01,1,1.5865,0.1701,2.9836
2019-05-02,1,1.8758,0.4134,3.1744
2019-05-03,1,1.7559,0.2544,3.1119
2019-05-04,1,1.8764,0.386,3.2436
2019-05-05,1,1.9004,0.4742,3.2339
2019-05-06,1,1.959,0.614,3.4064
2019-05-07,1,1.7702,0.4887,3.1603
2019-06-01,1,2.1716,0.6813,3.5691
2019-06-02,1,2.2344,0.9294,3.7434
2019-06-03,1,2.3313,0.9386,3.7349
2019-06-04,1,2.1817,0.698,3.7174
2019-06-05,1,2.3231,0.8659,3.8105
2019-06-06,1,2.3858,1.0192,3.856
2019-06-07,1,2.3539,0.8944,3.7967
2019-06-08,1,2.5573,1.1604,3.9683
2019-06-09,1,2.6589,1.1699,4.1509
2019-06-10,1,2.4719,0.9741,3.9383
2019-06-11,1,2.6662,1.2196,4.0782
2019-06-12,1,2.8264,1.3706,4.2182
2019-06-13,1,2.8991,1.5122,4.3189
2019-06-14,1,2.8674,1.4372,4.2476
2019-06-15,1,3.0606,1.6862,4.4252
2019-07-01,1,2.6165,1.1864,4.0842
2019-07-02,1,2.3052,0.9164,3.78
2019-07-03,1,2.2772,0.7266,3.6171
2019-07-04,1,2.1655,0.6957,3.5017
2019-07-05,1,1.9569,0.552,3.4171
2019-07-06,1,1.9842,0.5563,3.3956
2019-07-07,1,1.9132,0.47,3.3848
2019-07-08,1,1.8777,0.4611,3.3443
2019-07-09,1,1.5985,0.1146,2.9998
2019-07-10,1,1.6149,0.1904,2.9718
2019-07-11,1,1.5589,0.1219,2.9811
2019-07-12,1,1.4162,0.0485,2.8124
2019-08-01,1,2.6428,1.1753,4.0119
2019-09-01,1,2.3814,0.8907,3.8192
2019-09-02,1,2.4452,0.9693,3.8292
2019-09-03,1,2.2582,0.7805,3.5831
2019-09-04,1,2.358,0.8393,3.6886
2019-09-05,1,2.375,0.8445,3.6633
2019-09-06,1,2.2936,0.8378,3.7947
2019-09-07,1,2.4442,1.025,3.927
2019-09-08,1,2.4904,1.0691,3.9113
2019-09-09,1,2.5638,1.1507,3.9794
2019-09-10,1,2.3833,0.9147,3.817
2019-10-01,1,2.378,1.0263,3.7768
2019-10-02,1,2.4455,0.9977,3.9266
2019-10-03,1,2.4287,1.1577,3.8336
2019-10-04,1,2.3127,0.9464,3.6931
2019-11-01,1,1.9393,0.5618,3.3301
2019-11-02,1,2.8219,1.349,4.1046
2019-11-03,1,2.8455,1.4165,4.2779
2019-11-04,1,2.8893,1.5197,4.3358
2019-11-05,1,2.6724,1.4113,4.1409
2019-11-06,1,2.7326,1.4424,4.162
2019-11-07,1,2.701,1.3293,4.2018
2019-12-01,1,1.6077,0.211,3.148
2019-12-02,1,1.6814,0.2339,3.1483
2019-12-03,1,1.5085,0.1365,3.0169
2019-12-04,1,1.6263,0.2677,3.0449
2019-12-05,1,1.6647,0.184,3.0509
2019-12-06,1,1.6075,0.2692,3.054
2019-12-07,1,1.7847,0.4569,3.2413
2019-12-08,1,1.8592,0.4294,3.3858
2019-12-09,1,1.9619,0.5276,3.3893
2019-12-10,1,1.8112,0.4055,3.2747
2019-12-11,1,1.9441,0.5482,3.3717
2019-12-12,1,1.9906,0.5939,3.5411
2019-12-13,1,1.9346,0.4863,3.2515
2020-01-01,1,1.8702,0.5055,3.3459
2020-01-02,1,2.1697,0.7946,3.5864
2020-01-03,1,2.0731,0.6533,3.3838
2020-01-04,1,2.2106,0.7378,3.5751
2020-01-05,1,2.2463,0.793,3.6478
2020-01-06,1,2.3121,0.9069,3.8699
2020-01-07,1,2.1271,0.633,3.476
2020-01-08,1,2.2291,0.9203,3.5873
2020-01-09,1,2.2483,0.7555,3.7082
2020-01-10,1,2.1691,0.6603,3.5833
2020-01-11,1,2.3217,0.958,3.7075
2020-01-12,1,2.3696,0.9148,3.8112
2020-01-13,1,2.444,1.0074,3.8389
2020-01-14,1,2.2635,0.9546,3.8007
2020-01-15,1,2.3657,0.8796,3.741
2020-02-01,1,2.2273,0.8372,3.5776
2020-02-02,1,2.2411,0.7622,3.5381
2020-02-03,1,2.2866,0.9762,3.7476
2020-02-04,1,2.0839,0.6785,3.4805
2020-02-05,1,2.1716,0.7294,3.5902
2020-02-06,1,2.1809,0.78,3.6295
2020-02-07,1,2.0968,0.7812,3.5101
2020-03-01,1,2.5945,1.1718,4.0272
2020-03-02,1,2.5731,1.1517,4.0211
2020-03-03,1,2.2908,0.8318,3.7385
2020-03-04,1,2.2872,0.8429,3.7462
2020-03-05,1,2.1951,0.6964,3.5804
2020-04-01,1,3.195,1.8201,4.5076
2020-04-02,1,3.3199,1.8666,4.6613
2020-04-03,1,3.3332,1.9827,4.7867
2020-04-04,1,3.564,2.0749,4.9267
2020-04-05,1,3.6746,2.2607,4.9993
2020-04-06,1,3.7958,2.5293,5.1259
2020-04-07,1,3.6461,2.3061,5.0875
2020-04-08,1,3.7628,2.352,5.193
2020-04-09,1,3.7767,2.4168,5.2966
2020-04-10,1,3.6727,2.3153,5.0139
2020-04-11,1,3.7822,2.31,5.194
2020-04-12,1,3.77,2.2709,5.2685
2020-04-13,1,4.0357,2.5459,5.4901
2020-04-14,1,3.5012,2.013,4.9075
2020-04-15,1,3.505,2.0757,4.9081
2020-04-16,1,3.4136,2.0212,4.7884
2020-04-17,1,3.2139,1.7471,4.6393
2020-05-01,1,1.6733,0.2807,3.1052
2020-05-02,1,2.0997,0.6891,3.4845
2020-06-01,1,2.123,0.7535,3.5087
2020-06-02,1,2.2805,0.7876,3.7207
2020-06-03,1,2.4121,1.1036,3.8365
2020-06-04,1,2.4658,1.0338,3.8373
2020-06-05,1,2.4257,1.0404,3.8535
2020-06-06,1,2.6222,1.2304,3.9835
2020-06-07,1,2.7183,1.2329,4.2044
2020-06-08,1,2.8447,1.3081,4.2705
2020-06-09,1,2.7197,1.2899,4.0949
2020-06-10,1,2.8799,1.5195,4.4107
2020-06-11,1,2.9544,1.4827,4.3331
2020-06-12,1,2.9266,1.6121,4.3459
2020-07-01,1,2.5336,1.217,3.988
2020-07-02,1,2.4196,1.0302,3.8187
2020-07-03,1,2.2062,0.8184,3.6425
2020-07-04,1,2.2262,0.7764,3.7094
2020-07-05,1,2.1457,0.6,3.5031
2020-07-06,1,2.0984,0.7631,3.4354
2020-07-07,1,1.8057,0.4094,3.1992
2020-07-08,1,1.8069,0.4604,3.2188
2020-07-09,1,1.7345,0.414,3.043
2020-08-01,1,2.7951,1.347,4.3242
2020-08-02,1,2.8732,1.4525,4.3477
2020-08-03,1,2.9694,1.5253,4.3636
2020-08-04,1,2.8028,1.3677,4.2196
2020-08-05,1,2.9115,1.4963,4.2432
2020-09-01,1,2.2801,0.8898,3.6431
2020-09-02,1,2.3758,0.967,3.7936
2020-09-03,1,2.3893,1.0071,3.7589
2020-09-04,1,2.3049,0.8366,3.7296
2020-09-05,1,2.453,1.012,3.7617
2020-09-06,1,2.4974,1.0179,3.9098
2020-09-07,1,2.5694,1.134,3.9661
2020-09-08,1,2.3881,0.916,3.693
2020-09-09,1,2.4911,0.9912,3.9682
2020-09-10,1,2.5088,1.1318,3.9987
2020-10-01,1,2.4517,0.8957,3.775
2020-10-02,1,2.335,0.9339,3.8016
2020-10-03,1,2.4498,1.1134,3.8442
2020-10-04,1,2.4607,1.0392,3.8978
2020-10-05,1,2.5,1.1563,3.9499
2020-11-01,1,2.1014,0.6925,3.4289
2020-11-02,1,2.9013,1.5588,4.4227
2020-11-03,1,2.6933,1.1847,4.1196
2020-11-04,1,2.7628,1.353,4.1383
2020-11-05,1,2.7402,1.3663,4.2077
2020-11-06,1,2.6106,1.1357,3.9938
2020-11-07,1,2.7047,1.3896,4.2246
2020-12-01,1,1.4758,0.0,2.8903
2020-12-02,1,1.5858,0.014,3.0233
2020-12-03,1,1.6174,0.2376,2.9653
2020-12-04,1,1.5548,0.0859,2.9366
2020-12-05,1,1.7278,0.3451,3.2427
2020-12-06,1,1.7993,0.4093,3.194
2020-12-07,1,1.9005,0.4696,3.3684
2020-12-08,1,1.7495,0.2884,3.172
2020-12-09,1,1.8835,0.5612,3.3334
2021-01-01,1,1.7702,0.401,3.183
2021-01-02,1,2.2032,0.8503,3.6881
2021-01-03,1,2.2351,0.8382,3.5847
2021-01-04,1,2.2971,0.9047,3.6526
2021-01-05,1,2.1087,0.6933,3.489
2021-01-06,1,2.2076,0.8444,3.5614
2021-01-07,1,2.2244,0.7758,3.6257
2021-01-08,1,2.1434,0.761,3.5483
2021-01-09,1,2.2951,0.9746,3.6148
2021-01-10,1,2.3427,0.8969,3.7241
2021-01-11,1,2.4177,0.989,3.8679
2021-01-12,1,2.2388,0.7753,3.705
2021-01-13,1,2.3433,0.9269,3.7271
2021-01-14,1,2.3614,1.0223,3.7901
2021-01-15,1,2.2773,0.8833,3.706
2021-01-16,1,2.4213,0.9091,3.789
2021-01-17,1,2.457,1.0404,3.9666
2021-01-18,1,2.516,1.1391,4.0011
2021-02-01,1,2.2973,0.8311,3.6513
2021-02-02,1,2.0881,0.6134,3.5147
2021-02-03,1,2.1686,0.8569,3.6003
2021-02-04,1,2.1702,0.7312,3.739
2021-02-05,1,2.0781,0.6997,3.5719
2021-03-01,1,2.6654,1.1968,4.1183
2021-03-02,1,2.3925,1.0623,3.8358
2021-03-03,1,2.3965,0.9638,3.791
2021-03-04,1,2.3096,0.884,3.6678
2021-03-05,1,2.1185,0.7417,3.5157
2021-03-06,1,2.1559,0.7123,3.5642
2021-03-07,1,2.0879,0.5716,3.5389
2021-03-08,1,2.0487,0.6456,3.4745
2021-03-09,1,1.7599,0.3385,3.256
2021-03-10,1,1.7616,0.3919,3.2315
2021-03-11,1,1.6868,0.2853,3.1243
2021-04-01,1,3.1621,1.8691,4.7876
2021-04-02,1,3.1898,1.814,4.6058
2021-04-03,1,3.4374,2.0383,4.8727
2021-04-04,1,3.5668,2.0979,5.0013
2021-04-05,1,3.9748,2.5071,5.3883
2021-04-06,1,3.5805,2.1813,5.0345
2021-04-07,1,3.7197,2.3134,5.1147
2021-04-08,1,3.7564,2.3813,5.2415
2021-04-09,1,3.675,2.2284,4.8934
2021-04-10,1,3.8066,2.2472,5.1135
2021-04-11,1,3.8156,2.4621,5.1208
2021-05-01,1,1.812,0.4813,3.1908
2021-05-02,1,2.1312,0.6457,3.4523
2021-05-03,1,2.1679,0.7934,3.5518
2021-05-04,1,1.9599,0.552,3.4055
2021-05-05,1,2.0444,0.6167,3.3215
2021-05-06,1,2.0511,0.6494,3.4504
2021-05-07,1,1.9636,0.5113,3.3188
2021-05-08,1,2.4583,0.9694,3.9064
2021-05-09,1,2.1579,0.723,3.5451
2021-05-10,1,2.2331,0.8017,3.5891
2021-05-11,1,2.0555,0.5138,3.4695
2021-05-12,1,2.1622,0.7708,3.494
2021-05-13,1,2.0245,0.5892,3.4165
2021-05-14,1,2.1015,0.6801,3.5909
2021-05-15,1,2.2486,0.8489,3.7051
2021-05-16,1,2.2878,0.8451,3.6544
2021-05-17,1,2.3506,0.7771,3.7878
2021-06-01,1,2.2314,0.817,3.6463
2021-06-02,1,2.3543,0.834,3.7566
2021-06-03,1,2.3996,1.0049,3.8052
2021-06-04,1,2.3519,0.8889,3.8157
2021-06-05,1,2.5415,1.197,3.9802
2021-06-06,1,2.6318,1.2809,4.038
2021-06-07,1,2.754,1.3753,4.1775
2021-07-01,1,2.5618,1.1568,3.8856
2021-07-02,1,2.3483,0.8987,3.7041
2021-08-01,1,2.8122,1.3727,4.2072
2021-08-02,1,2.9197,1.4711,4.391
2021-08-03,1,2.7649,1.3698,4.0987
2021-08-04,1,2.8854,1.5243,4.3273
2021-08-05,1,2.9119,1.4002,4.3156
2021-09-01,1,2.3724,1.0124,3.8751
2021-09-02,1,2.383,0.9601,3.7248
2021-09-03,1,2.2962,0.8577,3.6363
2021-09-04,1,2.4427,1.0304,3.7802
2021-09-05,1,2.4858,1.1438,3.826
2021-09-06,1,2.5572,1.1442,3.9345
2021-09-07,1,2.3758,0.8798,3.8922
2021-09-08,1,2.4792,1.0477,3.9644
2021-09-09,1,2.4978,0.991,3.8375
2021-09-10,1,2.4161,0.9805,3.7657
2021-10-01,1,2.3846,1.0224,3.8272
2021-10-02,1,2.4997,1.2556,3.9352
2021-10-03,1,2.5103,0.9345,3.9299
2021-10-04,1,2.5489,1.1454,4.041
2021-10-05,1,2.3351,0.8368,3.7647
2021-10-06,1,2.4074,0.9777,3.7744
2021-10-07,1,2.397,1.0434,3.8739
2021-10-08,1,2.2891,0.9234,3.7105
2021-10-09,1,2.4148,0.9137,3.8853
2021-11-01,1,2.2076,0.831,3.5801
2021-11-02,1,2.7565,1.3068,4.0936
2021-11-03,1,2.8356,1.5287,4.2371
2021-12-01,1,1.6327,0.1684,3.1538
2021-12-02,1,1.6572,0.2264,3.0994
2021-12-03,1,1.5884,0.1844,3.0298
2021-12-04,1,1.7563,0.3783,3.0953
2021-12-05,1,1.8242,0.2844,3.2205
2021-12-06,1,1.9229,0.5081,3.3539
2021-12-07,1,1.7709,0.3129,3.2089
2022-01-01,1,2.004,0.6124,3.4635
2022-01-02,1,2.3321,0.9445,3.7976
2022-01-03,1,2.3911,0.9343,3.8242
2022-01-04,1,2.1998,0.8585,3.6301
2022-01-05,1,2.296,0.8805,3.784
2022-01-06,1,2.3104,0.8434,3.7266
2022-01-07,1,2.2276,0.8427,3.713
2022-01-08,1,2.3781,0.8841,3.7141
2022-02-01,1,2.228,0.8454,3.6139
2022-02-02,1,2.3029,0.9485,3.7361
2022-02-03,1,2.2982,0.8815,3.6712
2022-02-04,1,2.1994,0.746,3.5877
2022-02-05,1,2.3376,0.8776,3.7493
2022-02-06,1,2.3773,0.9168,3.7482
2022-02-07,1,2.4506,0.9922,3.7968
2022-02-08,1,2.2767,0.9286,3.7372
2022-02-09,1,2.3934,1.0109,3.7306
2022-02-10,1,2.4311,1.1697,4.0108
2022-02-11,1,2.3738,1.0478,3.8045
2022-02-12,1,2.5516,1.1353,4.0552
2022-02-13,1,2.6275,1.1437,4.1052
2022-02-14,1,2.7322,1.2775,4.0505
2022-02-15,1,2.5837,1.1784,4.0029
2022-02-16,1,2.7189,1.2949,4.1064
2022-02-17,1,2.7669,1.2894,4.2273
2022-03-01,1,2.6324,1.1864,4.0381
2022-03-02,1,2.6471,1.3203,4.1362
2022-03-03,1,2.569,1.1176,4.0024
2022-03-04,1,2.3846,0.9968,3.8181
2022-03-05,1,2.4263,0.927,3.7333
2022-03-06,1,2.3601,1.0743,3.8769
2022-03-07,1,2.3199,0.9457,3.6666
2022-03-08,1,2.0274,0.6316,3.4643
2022-03-09,1,2.0228,0.6553,3.3248
2022-03-10,1,1.939,0.4997,3.351
2022-03-11,1,1.763,0.3922,3.1904
2022-03-12,1,1.8277,0.3453,3.3148
2022-03-13,1,1.7991,0.3935,3.2699
2022-03-14,1,1.8109,0.3676,3.2
2022-03-15,1,1.5839,0.2515,2.9889
2022-03-16,1,1.6573,0.3872,3.0659
2022-03-17,1,1.6628,0.2857,3.1194
2022-03-18,1,1.585,0.14,2.9529
2022-03-19,1,1.7556,0.3076,3.2218
2022-03-20,1,1.8387,0.449,3.2366
2022-03-21,1,1.9656,0.4148,3.3474
2022-03-22,1,1.8547,0.4068,3.3968
2022-03-23,1,2.0429,0.674,3.4079
2022-03-24,1,2.1595,0.6758,3.565
2022-03-25,1,2.1873,0.8429,3.5911
2022-03-26,1,2.4552,1.0527,3.8082
2022-03-27,1,2.625,1.0886,4.0513
2022-03-28,1,2.826,1.5373,4.335
2022-04-01,1,3.1911,1.8003,4.5562
2022-04-02,1,3.4524,1.9704,4.9046
2022-04-03,1,3.598,2.1914,4.9924
2022-04-04,1,3.758,2.2216,5.1793
2022-04-05,1,3.6483,2.2764,5.0537
2022-04-06,1,3.8073,2.4016,5.1124
2022-04-07,1,3.8647,2.4003,5.1944
2022-04-08,1,3.8044,2.5348,5.2195
2022-04-09,1,3.957,2.6334,5.3647
2022-04-10,1,3.9866,2.5184,5.4423
2022-04-11,1,4.0254,2.563,5.3513
2022-04-12,1,3.7934,2.4485,5.2445
2022-04-13,1,3.8298,2.4893,5.1803
2022-04-14,1,3.7667,2.3339,5.1508
2022-05-01,1,1.9633,0.5159,3.4025
2022-05-02,1,2.3054,0.943,3.6251
2022-05-03,1,2.0845,0.7111,3.5226
2022-05-04,1,2.1573,0.7112,3.5161
2022-05-05,1,2.1536,0.6926,3.5498
2022-05-06,1,2.0573,0.5953,3.4694
2022-05-07,1,2.1979,0.8698,3.629
2022-05-08,1,2.585,1.1813,3.9743
2022-05-09,1,2.3094,0.9473,3.8028
2022-06-01,1,2.372,0.9614,3.7183
2022-06-02,1,2.4069,1.0923,3.8384
2022-06-03,1,2.349,0.9774,3.692
2022-06-04,1,2.529,1.0048,4.0714
2022-06-05,1,2.6105,1.1438,4.0029
2022-06-06,1,2.4077,0.9788,3.7728
2022-06-07,1,2.5909,1.2213,4.01
2022-06-08,1,2.7452,1.3448,4.1265
2022-06-09,1,2.8177,1.3489,4.3334
2022-06-10,1,2.7916,1.28,4.201
2022-06-11,1,2.9964,1.5211,4.3683
2022-06-12,1,3.0947,1.7547,4.5485
2022-06-13,1,3.2167,1.7817,4.6118
2022-06-14,1,3.0802,1.778,4.4223
2022-06-15,1,3.2217,1.8615,4.6617
2022-06-16,1,3.2705,1.7264,4.695
2022-06-17,1,3.2101,1.6831,4.6403
2022-06-18,1,3.3702,1.973,4.7176
2022-06-19,1,3.4137,1.9727,4.7868
2022-06-20,1,3.4717,2.1205,5.0229
2022-06-21,1,3.2632,1.8756,4.6384
2022-06-22,1,3.3259,1.89,4.7641
2022-06-23,1,3.2905,1.857,4.747
2022-06-24,1,3.1421,1.7762,4.5472
2022-07-01,1,2.5043,1.145,3.922
2022-07-02,1,2.5205,1.1249,3.9759
2022-07-03,1,2.4311,1.0242,3.8825
2022-07-04,1,2.3703,0.9776,3.8194
2022-07-05,1,2.0593,0.6234,3.5316
2022-07-06,1,2.0382,0.6845,3.5211
2022-07-07,1,1.9395,0.4558,3.38
2022-07-08,1,1.7497,0.2289,3.2221
2022-07-09,1,1.8013,0.4735,3.2086
2022-07-10,1,1.7595,0.3899,3.1359
2022-08-01,1,2.8079,1.2941,4.1363
2022-08-02,1,2.6622,1.1171,4.051
2022-08-03,1,2.7924,1.3685,4.2429
2022-08-04,1,2.8287,1.4527,4.153
2022-08-05,1,2.7559,1.3642,4.2671
2022-08-06,1,2.9049,1.4574,4.2859
2022-08-07,1,2.94,1.4841,4.3386
2022-08-08,1,2.9934,1.5439,4.3893
2022-08-09,1,2.7852,1.4634,4.2035
2022-08-10,1,2.854,1.4096,4.1946
2022-09-01,1,2.2699,0.7664,3.6542
2022-09-02,1,2.1782,0.7849,3.4993
2022-09-03,1,2.3201,0.8291,3.7654
2022-09-04,1,2.3593,0.9718,3.778
2022-09-05,1,2.4274,1.0696,3.765
2022-09-06,1,2.2432,0.9343,3.5674
2022-09-07,1,2.3444,0.8678,3.7411
2022-09-08,1,2.3613,0.9312,3.8079
2022-09-09,1,2.2784,0.8295,3.6877
2022-10-01,1,2.351,0.9713,3.8341
2022-10-02,1,2.3587,0.8095,3.7033
2022-10-03,1,2.3938,0.9047,3.7541
2022-10-04,1,2.1762,0.9063,3.4725
2022-10-05,1,2.2441,0.8184,3.6589
2022-10-06,1,2.2289,0.7711,3.5798
2022-10-07,1,2.1157,0.7449,3.5515
2022-10-08,1,2.2358,0.8169,3.6157
2022-10-09,1,2.2535,0.9434,3.7296
2022-10-10,1,2.3011,0.9094,3.653
2022-10-11,1,2.0983,0.6018,3.4616
2022-10-12,1,2.1833,0.7924,3.5461
2022-11-01,1,1.7603,0.3724,3.1874
2022-11-02,1,2.5928,1.1625,3.928
2022-11-03,1,2.5866,1.1801,4.0371
2022-11-04,1,2.4736,1.0425,3.8493
2022-11-05,1,2.5843,1.1282,3.9445
2022-11-06,1,2.5829,1.1981,3.9282
2022-11-07,1,2.6012,1.2672,4.0376
2022-11-08,1,2.359,0.9558,3.7961
2022-11-09,1,2.3944,0.9873,3.7567
2022-12-01,1,1.307,0.0,2.7366
2022-12-02,1,1.2274,0.0,2.778
2022-12-03,1,1.3857,0.003,2.8036
2022-12-04,1,1.445,0.0,2.8754
2022-12-05,1,1.5364,0.0895,2.8543
2022-12-06,1,1.3783,0.069,2.8389
2022-12-07,1,1.5077,0.0888,2.9261
2022-12-08,1,1.5545,0.15,3.0053
2022-12-09,1,1.5023,0.0991,2.9125
2022-12-10,1,1.681,0.2284,3.1584
2022-12-11,1,1.7537,0.367,3.1417
2022-12-12,1,1.8514,0.4521,3.3092
2022-12-13,1,1.6928,0.3563,3.1568
2022-12-14,1,1.8151,0.3631,3.2963
2022-12-15,1,1.8487,0.4909,3.2625
2022-12-16,1,1.778,0.351,3.1223
2022-12-17,1,1.9335,0.5563,3.4435
2022-12-18,1,1.9792,0.4997,3.4863
2022-12-19,1,2.047,0.625,3.5496
2022-12-20,1,1.8567,0.5157,3.3651
2022-12-21,1,1.9464,0.5439,3.2989
2022-12-22,1,1.9474,0.6344,3.386
2022-12-23,1,1.8452,0.4973,3.2562
2022-12-24,1,1.9712,0.6012,3.4288
2022-12-25,1,1.9901,0.498,3.4563
2022-12-26,1,2.0347,0.5828,3.3973
2022-12-27,1,1.825,0.398,3.2483
2022-12-28,1,1.8999,0.3556,3.3067
2022-12-29,1,1.8908,0.4482,3.3346
2022-12-30,1,1.7833,0.3891,3.3659
2022-12-31,1,1.9088,0.5986,3.2961
2023-01-01,1,1.6324,0.2806,3.1785
2023-01-02,1,1.9845,0.5568,3.4408
2023-01-03,1,1.7868,0.3496,3.3459
2023-01-04,1,1.8767,0.4934,3.4466
2023-01-05,1,1.885,0.4769,3.3121
2023-01-06,1,1.7965,0.3598,3.1977
2023-01-07,1,1.9417,0.5309,3.4139
2023-01-08,1,1.9843,0.5865,3.3409
2023-01-09,1,2.0558,0.5795,3.5606
2023-01-10,1,1.8751,0.4075,3.331
2023-01-11,1,1.9794,0.5711,3.3559
2023-01-12,1,1.9991,0.6473,3.3841
2023-01-13,1,1.9182,0.4288,3.3233
2023-01-14,1,2.0669,0.6028,3.3824
2023-01-15,1,2.1086,0.6668,3.4094
2023-01-16,1,2.1747,0.6681,3.5356
2019-01-01,2,2.5034,1.4079,3.6741
2019-01-02,2,2.2543,1.1464,3.3752
2019-01-03,2,2.1095,0.9748,3.2449
2019-01-04,2,1.9922,0.756,3.0699
2019-01-05,2,1.7956,0.6711,3.0147
2019-01-06,2,1.9285,0.7034,3.0327
2019-01-07,2,1.7963,0.7186,2.9318
2019-01-08,2,1.9214,0.8449,3.0128
2019-02-01,2,1.5138,0.4645,2.6583
2019-02-02,2,1.4287,0.3798,2.5852
2019-02-03,2,1.6773,0.5624,2.7858
2019-02-04,2,1.6632,0.528,2.7149
2019-02-05,2,1.9068,0.7337,3.0515
2019-02-06,2,1.9248,0.7572,3.0762
2019-02-07,2,1.8738,0.7761,3.1079
2019-02-08,2,1.8541,0.7444,2.9597
2019-02-09,2,1.7574,0.6246,2.8457
2019-02-10,2,1.9912,0.8172,3.0969
2019-02-11,2,1.9595,0.7527,3.1372
2019-02-12,2,2.1834,1.0475,3.4428
2019-02-13,2,2.18,1.0089,3.3021
2019-03-01,2,2.1188,0.9881,3.3116
2019-03-02,2,1.9812,0.8274,3.0586
2019-03-03,2,2.178,0.9974,3.2308
2019-03-04,2,2.1135,0.9706,3.2556
2019-03-05,2,2.3091,1.1582,3.503
2019-04-01,2,2.6141,1.5005,3.7027
2019-04-02,2,2.8206,1.7823,3.9946
2019-04-03,2,2.7999,1.6903,3.8452
2019-04-04,2,2.7086,1.6459,3.861
2019-04-05,2,2.6474,1.4629,3.7956
2019-04-06,2,2.5081,1.4046,3.685
2019-04-07,2,2.6981,1.5294,3.8587
2019-04-08,2,2.6217,1.4193,3.7904
2019-04-09,2,2.8001,1.6783,3.8844
2019-04-10,2,2.7505,1.6971,3.993
2019-04-11,2,2.6301,1.5858,3.7722
2019-04-12,2,2.54,1.4392,3.6223
2019-04-13,2,2.3725,1.2183,3.4465
2019-04-14,2,2.5356,1.3949,3.6673
2019-04-15,2,2.4341,1.3153,3.764
2019-04-16,2,2.5895,1.4346,3.6625
2019-05-01,2,3.3986,2.2597,4.5477
2019-05-02,2,2.0501,0.8975,3.1593
2019-05-03,2,1.9982,0.8881,3.1325
2019-05-04,2,1.8773,0.7769,3.0029
2019-05-05,2,2.0947,0.8706,3.1365
2019-05-06,2,2.0543,0.9401,3.215
2019-05-07,2,2.2767,1.2132,3.4025
2019-05-08,2,2.827,1.6549,3.9746
2019-05-09,2,2.2161,1.1274,3.2448
2019-05-10,2,2.1896,1.03,3.3485
2019-05-11,2,2.0904,1.0584,3.2456
2019-05-12,2,2.3254,1.1699,3.539
2019-05-13,2,2.298,1.1968,3.3895
2019-05-14,2,2.5288,1.3273,3.8114
2019-07-01,2,2.5556,1.3626,3.7085
2019-07-02,2,2.7724,1.5968,3.8111
2019-07-03,2,2.7619,1.6043,3.8603
2019-08-01,2,2.1875,1.0527,3.3206
2019-08-02,2,2.1454,1.0304,3.2377
2019-08-03,2,2.0365,0.9462,3.2731
2019-08-04,2,2.2683,1.0928,3.4468
2019-08-05,2,2.245,1.1364,3.4332
2019-08-06,2,2.4873,1.3661,3.6156
2019-08-07,2,2.5119,1.4572,3.7068
2019-08-08,2,2.4754,1.2989,3.6611
2019-08-09,2,2.4779,1.3559,3.558
2019-08-10,2,2.4104,1.3584,3.5514
2019-09-01,2,3.0649,1.9556,4.1518
2019-09-02,2,2.9097,1.8229,3.9922
2019-10-01,2,2.2175,1.06,3.3424
2019-10-02,2,2.285,1.0905,3.3809
2019-10-03,2,2.286,1.1793,3.4068
2019-10-04,2,2.3196,1.1816,3.4694
2019-10-05,2,2.2764,1.1755,3.4048
2019-10-06,2,2.5629,1.4066,3.7147
2019-10-07,2,2.582,1.3947,3.7076
2019-10-08,2,2.854,1.7763,3.9148
2019-10-09,2,2.8951,1.7987,4.0668
2019-10-10,2,2.8618,1.7642,4.0495
2019-10-11,2,2.8543,1.7279,3.9109
2019-10-12,2,2.7644,1.6464,3.9424
2019-10-13,2,2.9977,1.9092,4.1846
2019-10-14,2,2.9604,1.79,4.0912
2019-11-01,2,1.8302,0.7932,2.9703
2019-11-02,2,2.6672,1.5356,3.8833
2019-11-03,2,2.8663,1.6906,3.9183
2019-11-04,2,2.8057,1.7165,4.0055
2019-11-05,2,3.006,1.86,4.1936
2019-11-06,2,2.9838,1.9024,4.1477
2019-11-07,2,2.8956,1.8052,4.0677
2019-12-01,2,2.3776,1.3457,3.5285
2019-12-02,2,2.2932,1.1492,3.3917
2019-12-03,2,2.4746,1.4009,3.5613
2019-12-04,2,2.4395,1.3529,3.4819
2019-12-05,2,2.3456,1.2221,3.402
2019-12-06,2,2.2936,1.2219,3.4131
2019-12-07,2,2.1758,1.0006,3.1739
2019-12-08,2,2.3998,1.2484,3.5088
2019-12-09,2,2.3694,1.2581,3.5667
2019-12-10,2,2.6054,1.4088,3.7297
2019-12-11,2,2.6244,1.5361,3.825
2020-01-01,2,3.5339,2.4911,4.6734
2020-01-02,2,3.2125,2.0844,4.3234
2020-01-03,2,3.0957,2.0122,4.2148
2020-02-01,2,2.1785,1.0735,3.303
2020-02-02,2,2.4193,1.3006,3.6065
2020-02-03,2,2.3983,1.2166,3.4798
2020-02-04,2,2.6357,1.5096,3.864
2020-02-05,2,2.6482,1.494,3.8175
2020-02-06,2,2.5923,1.4688,3.7718
2020-02-07,2,2.5682,1.4246,3.7748
2020-02-08,2,2.4675,1.3068,3.5956
2020-03-01,2,2.7706,1.6209,3.9107
2020-03-02,2,2.6974,1.5759,3.8771
2020-03-03,2,2.8841,1.7764,4.0522
2020-03-04,2,2.8479,1.6686,3.9514
2020-04-01,2,3.1428,2.0042,4.2641
2020-04-02,2,3.0485,1.8811,4.1733
2020-04-03,2,2.9846,1.8016,4.0769
2020-04-04,2,2.8427,1.6364,3.9947
2020-04-05,2,3.0304,1.9035,4.0956
2020-04-06,2,2.9518,1.7968,4.1368
2020-04-07,2,3.1279,2.0376,4.2055
2020-04-08,2,3.0758,1.9073,4.1716
2020-04-09,2,2.9528,1.8015,4.0668
2020-04-10,2,2.8598,1.8292,4.0151
2020-04-11,2,2.6889,1.5546,3.7856
2020-05-01,2,3.3812,2.2104,4.5076
2020-05-02,2,1.9898,0.8694,3.2108
2020-05-03,2,2.1945,1.0209,3.3139
2020-05-04,2,2.1419,1.0203,3.2729
2020-05-05,2,2.3526,1.2472,3.5023
2020-05-06,2,2.3434,1.2629,3.4742
2020-05-07,2,2.2709,1.1434,3.4009
2020-05-08,2,2.7837,1.6741,3.8954
2020-05-09,2,2.1274,1.0177,3.2031
2020-05-10,2,2.3547,1.2034,3.4397
2020-05-11,2,2.3207,1.2169,3.346
2020-05-12,2,2.5457,1.3019,3.6749
2020-05-13,2,2.5461,1.4289,3.7016
2020-05-14,2,2.4784,1.3879,3.609
2020-05-15,2,2.4426,1.3164,3.5657
2020-05-16,2,2.3302,1.1769,3.3192
2020-06-01,2,2.1516,0.9846,3.2725
2020-06-02,2,2.4852,1.3886,3.6381
2020-06-03,2,2.4242,1.3391,3.5996
2020-06-04,2,2.2976,1.1364,3.3841
2020-06-05,2,2.2065,1.1109,3.3702
2020-06-06,2,2.0437,0.9607,3.1144
2020-06-07,2,2.2171,1.0774,3.4076
2020-06-08,2,2.1317,0.9596,3.3226
2020-06-09,2,2.3089,1.1449,3.4874
2020-06-10,2,2.2661,1.0904,3.4494
2020-06-11,2,2.1608,1.0831,3.2629
2020-06-12,2,2.0937,0.9726,3.2048
2020-06-13,2,1.957,0.8013,3.1263
2020-06-14,2,2.1584,1.0094,3.3808
2020-06-15,2,2.102,0.9818,3.2385
2020-06-16,2,2.3087,1.2184,3.3696
2020-07-01,2,2.6881,1.5427,3.7882
2020-07-02,2,2.6096,1.4837,3.7183
2020-07-03,2,2.5613,1.4179,3.6784
2020-07-04,2,2.4349,1.3326,3.5799
2020-07-05,2,2.6379,1.4743,3.7513
2020-07-06,2,2.5742,1.5091,3.7071
2020-07-07,2,2.765,1.6787,3.8668
2020-07-08,2,2.7273,1.627,3.87
2020-07-09,2,2.6184,1.4546,3.7579
2020-07-10,2,2.539,1.4491,3.6368
2020-07-11,2,2.3815,1.3255,3.4649
2020-07-12,2,2.5537,1.3611,3.6231
2020-07-13,2,2.4603,1.3541,3.4949
2020-08-01,2,1.8884,0.8483,3.0906
2020-08-02,2,2.1093,0.9352,3.2474
2020-08-03,2,2.0751,0.9062,3.2095
2020-08-04,2,2.307,1.0588,3.3874
2020-08-05,2,2.3217,1.1501,3.3963
2020-08-06,2,2.276,1.1552,3.4106
2020-09-01,2,2.9471,1.8293,4.0897
2020-09-02,2,2.819,1.6828,3.8478
2020-09-03,2,2.6171,1.478,3.771
2020-09-04,2,2.4435,1.332,3.5328
2020-09-05,2,2.1919,1.0719,3.3126
2020-09-06,2,2.2713,1.1871,3.3689
2020-09-07,2,2.0879,0.9806,3.3048
2020-09-08,2,2.1642,0.9335,3.2902
2020-09-09,2,2.0194,0.876,3.0905
2020-09-10,2,1.812,0.7635,2.9599
2020-09-11,2,1.6446,0.4384,2.7602
2020-09-12,2,1.4105,0.3113,2.5414
2020-09-13,2,1.5189,0.3797,2.6503
2020-09-14,2,1.3754,0.1951,2.5027
2020-10-01,2,1.9264,0.745,3.0146
2020-10-02,2,1.9594,0.8619,3.0853
2020-10-03,2,1.9176,0.9211,3.0526
2020-10-04,2,2.207,1.0705,3.3409
2020-10-05,2,2.2305,1.1635,3.3995
2020-10-06,2,2.5082,1.4086,3.6474
2020-10-07,2,2.556,1.4495,3.6998
2020-10-08,2,2.5303,1.5046,3.6724
2020-10-09,2,2.531,1.3786,3.6091
2020-10-10,2,2.4497,1.2538,3.6044
2020-10-11,2,2.6936,1.5884,3.91
2020-12-01,2,2.2354,1.0589,3.3807
2020-12-02,2,2.1913,1.1062,3.4056
2020-12-03,2,2.0876,0.9827,3.1934
2020-12-04,2,2.0257,1.0069,3.1978
2020-12-05,2,1.8978,0.7248,2.9696
2020-12-06,2,2.1116,1.0075,3.2149
2020-12-07,2,2.0715,0.9988,3.1875
2021-01-01,2,3.0854,2.0288,4.2899
2021-01-02,2,2.7182,1.6061,3.8437
2021-01-03,2,2.8561,1.6687,3.9851
2021-01-04,2,2.726,1.5923,3.8034
2021-02-01,2,2.0892,0.9933,3.3047
2021-02-02,2,2.3271,1.1615,3.427
2021-02-03,2,2.3409,1.1606,3.5037
2021-02-04,2,2.2871,1.0919,3.4002
2021-02-05,2,2.2656,1.0761,3.3369
2021-02-06,2,2.1682,1.0516,3.1929
2021-02-07,2,2.4019,1.2315,3.5282
2021-02-08,2,2.3707,1.198,3.6024
2021-02-09,2,2.5954,1.3769,3.7264
2021-02-10,2,2.593,1.5236,3.7661
2021-02-11,2,2.5204,1.4712,3.6547
2021-02-12,2,2.4784,1.3585,3.5172
2021-02-13,2,2.3588,1.2542,3.5473
2021-02-14,2,2.5696,1.5014,3.6914
2021-03-01,2,2.4543,1.287,3.6452
2021-03-02,2,2.64,1.5329,3.7972
2021-03-03,2,2.6027,1.4848,3.6509
2021-03-04,2,2.4995,1.3384,3.6673
2021-03-05,2,2.4315,1.277,3.5293
2021-03-06,2,2.2907,1.1862,3.4966
2021-03-07,2,2.4849,1.3734,3.6103
2021-03-08,2,2.4185,1.2488,3.5016
2021-03-09,2,2.6127,1.3813,3.7282
2021-03-10,2,2.5848,1.466,3.7359
2021-04-01,2,2.7926,1.7537,3.9861
2021-04-02,2,2.7333,1.543,3.8981
2021-04-03,2,2.5963,1.4008,3.7559
2021-04-04,2,2.7891,1.6914,3.8985
2021-05-01,2,2.9932,1.8547,4.0573
2021-05-02,2,1.9342,0.7486,2.9802
2021-05-03,2,1.8756,0.7624,2.9826
2021-05-04,2,2.0808,0.8979,3.1372
2021-05-05,2,2.0675,1.0136,3.3069
2021-05-06,2,1.9916,0.7758,3.1192
2021-05-07,2,1.953,0.7841,3.164
2021-05-08,2,2.392,1.2906,3.4992
2021-05-09,2,2.0698,0.9049,3.115
2021-05-10,2,2.0356,0.8228,3.1837
2021-05-11,2,2.2613,1.0979,3.3521
2021-05-12,2,2.2633,1.203,3.4582
2021-05-13,2,1.0023,0.0,2.1071
2021-05-14,2,2.1656,1.1244,3.3142
2021-06-01,2,2.2964,1.0811,3.4516
2021-06-02,2,2.2359,1.0834,3.3201
2021-06-03,2,2.1089,0.9303,3.2686
2021-06-04,2,2.0168,0.8223,3.1766
2021-06-05,2,1.8521,0.7452,3.0713
2021-06-06,2,2.0231,0.9343,3.1491
2021-06-07,2,1.9346,0.8089,2.9907
2021-06-08,2,2.1082,0.9082,3.3011
2021-06-09,2,2.0614,0.8591,3.2227
2021-06-10,2,1.9517,0.8242,3.0761
2021-06-11,2,1.8801,0.7791,3.0393
2021-06-12,2,1.7387,0.6334,2.907
2021-06-13,2,1.9354,0.8964,3.0725
2021-06-14,2,1.8744,0.7212,2.9699
2021-06-15,2,2.0767,1.0176,3.2472
2021-06-16,2,2.0594,0.9104,3.1895
2021-06-17,2,1.9794,0.7841,3.0813
2021-06-18,2,1.937,0.8609,3.0603
2021-06-19,2,1.8239,0.6117,2.8401
2021-06-20,2,2.0474,0.9552,3.2075
2021-06-21,2,2.0113,0.8858,3.1571
2021-06-22,2,2.2361,1.1296,3.4359
2021-07-01,2,2.3826,1.1976,3.5814
2021-07-02,2,2.3399,1.2363,3.509
2021-07-03,2,2.2194,1.1212,3.3494
2021-07-04,2,2.4285,1.3054,3.6523
2021-07-05,2,2.3713,1.2467,3.5421
2021-08-01,2,1.9019,0.7806,3.037
2021-08-02,2,1.8597,0.6259,3.0399
2021-08-03,2,2.0836,0.9919,3.1636
2021-08-04,2,2.0907,0.9236,3.2989
2021-08-05,2,2.0379,0.7894,3.1767
2021-09-01,2,2.7868,1.6059,3.8686
2021-09-02,2,2.5947,1.5449,3.6726
2021-09-03,2,2.4292,1.2965,3.598
2021-09-04,2,2.1838,1.094,3.241
2021-09-05,2,2.2674,1.3054,3.3619
2021-09-06,2,2.0861,0.9796,3.1317
2021-09-07,2,2.1625,0.9983,3.2568
2021-09-08,2,2.0155,0.9147,3.2098
2021-09-09,2,1.8039,0.7247,2.927
2021-10-01,2,1.7103,0.6167,2.7942
2021-10-02,2,1.6702,0.5833,2.8201
2021-10-03,2,1.9631,0.8005,3.1347
2021-10-04,2,1.992,0.915,3.1399
2021-10-05,2,2.2764,1.1353,3.409
2021-10-06,2,2.3324,1.1609,3.5774
2021-11-01,2,1.4634,0.319,2.5799
2021-11-02,2,2.6333,1.5106,3.7826
2021-11-03,2,2.6075,1.5303,3.738
2021-11-04,2,2.5172,1.3257,3.6968
2021-11-05,2,2.4625,1.3537,3.6077
2021-12-01,2,2.1298,1.0386,3.2732
2021-12-02,2,2.018,0.8757,3.1065
2021-12-03,2,1.9473,0.8211,3.0664
2021-12-04,2,1.8102,0.6899,3.0774
2021-12-05,2,2.0147,0.9017,3.2034
2021-12-06,2,1.9652,0.8922,3.0391
2021-12-07,2,2.1829,1.0854,3.4104
2021-12-08,2,2.1847,1.027,3.3086
2021-12-09,2,2.1273,0.9999,3.2451
2022-01-01,2,2.9053,1.7513,4.1589
2022-01-02,2,2.8744,1.72,3.978
2022-01-03,2,2.7526,1.6388,3.9433
2022-01-04,2,2.8836,1.7669,4.0961
2022-01-05,2,2.7858,1.588,3.9039
2022-01-06,2,2.6174,1.4407,3.8232
2022-01-07,2,2.4803,1.3422,3.5538
2022-01-08,2,2.2677,1.111,3.4277
2022-01-09,2,2.3886,1.2909,3.5071
2022-01-10,2,2.2484,1.1278,3.3183
2022-01-11,2,2.3695,1.1971,3.3628
2022-01-12,2,2.2699,1.1301,3.448
2022-01-13,2,2.108,0.9749,3.3353
2022-01-14,2,1.9852,0.7941,3.1276
2022-01-15,2,1.7945,0.7066,2.9548
2022-01-16,2,1.9441,0.7936,3.0806
2022-01-17,2,1.8388,0.6556,2.999
2022-01-18,2,2.0001,0.8833,3.1975
2022-01-19,2,1.9453,0.8191,3.1177
2022-02-01,2,2.2417,1.1622,3.3501
2022-02-02,2,2.2566,1.146,3.3309
2022-02-03,2,2.2047,1.1024,3.3669
2022-02-04,2,2.1859,1.1213,3.2643
2022-02-05,2,2.0917,1.0012,3.1749
2022-02-06,2,2.3292,1.1936,3.4716
2022-03-01,2,2.6426,1.4797,3.7822
2022-03-02,2,2.6051,1.4548,3.7592
2022-03-03,2,2.5016,1.3678,3.5921
2022-03-04,2,2.433,1.2247,3.5943
2022-03-05,2,2.2914,1.0455,3.3945
2022-04-01,2,2.7458,1.5681,3.8486
2022-04-02,2,2.6141,1.5555,3.7917
2022-04-03,2,2.8125,1.6496,4.0214
2022-04-04,2,2.745,1.5037,3.9417
2022-04-05,2,2.9326,1.8208,4.1142
2022-04-06,2,2.8921,1.7481,4.0241
2022-04-07,2,2.7806,1.6243,3.8898
2022-04-08,2,2.6988,1.5758,3.8824
2022-04-09,2,2.5387,1.3917,3.6467
2022-04-10,2,2.7081,1.678,3.8059
2022-04-11,2,2.6115,1.4602,3.7505
2022-04-12,2,2.7703,1.6295,3.9451
2022-04-13,2,2.7019,1.517,3.8007
2022-04-14,2,2.5639,1.4249,3.6384
2022-04-15,2,2.4574,1.2778,3.5969
2022-05-01,2,3.232,2.1148,4.3227
2022-05-02,2,1.9104,0.7799,3.0476
2022-05-03,2,2.1103,0.9716,3.2386
2022-06-01,2,2.318,1.12,3.4165
2022-06-02,2,2.1909,1.0109,3.2829
2022-06-03,2,2.0977,0.9657,3.2396
2022-06-04,2,1.9313,0.8054,3.0912
2022-06-05,2,2.0999,0.9889,3.2938
2022-06-06,2,1.8372,0.6735,2.9629
2022-06-07,2,2.1781,1.0485,3.3854
2022-06-08,2,2.127,1.0145,3.2497
2022-06-09,2,2.0126,0.9376,3.1213
2022-06-10,2,1.9359,0.8678,3.1537
2022-06-11,2,1.7892,0.6064,2.9906
2022-06-12,2,1.9805,0.7937,3.0163
2022-06-13,2,1.914,0.7112,2.9787
2022-06-14,2,2.1108,0.9936,3.2046
2022-06-15,2,2.0883,0.9873,3.2692
2022-07-01,2,2.3584,1.235,3.4547
2022-07-02,2,2.2425,1.1035,3.3661
2022-07-03,2,2.4567,1.3567,3.611
2022-07-04,2,2.4047,1.2835,3.4986
2022-07-05,2,2.6076,1.4184,3.7102
2022-07-06,2,2.5822,1.3733,3.7211
2022-07-07,2,2.4855,1.3368,3.6927
2022-07-08,2,2.4182,1.2604,3.4569
2022-07-09,2,2.2723,1.1958,3.4733
2022-07-10,2,2.4556,1.2574,3.5798
2022-07-11,2,2.3725,1.2346,3.5255
2022-07-12,2,2.5444,1.4986,3.7014
2022-07-13,2,2.4886,1.4291,3.5521
2022-07-14,2,2.9968,1.7707,4.0763
2022-07-15,2,2.2681,1.2262,3.4021
2022-08-01,2,1.8762,0.7691,2.9099
2022-08-02,2,2.0911,0.9544,3.1296
2022-08-03,2,2.0894,0.9712,3.2355
2022-08-04,2,2.0281,0.8417,3.1855
2022-08-05,2,2.0076,0.9216,3.1999
2022-08-06,2,1.9196,0.7571,3.053
2022-08-07,2,2.1713,1.0645,3.3112
2022-09-01,2,2.7567,1.6837,3.9362
2022-09-02,2,2.6006,1.5286,3.7424
2022-09-03,2,2.3629,1.1874,3.4682
2022-09-04,2,2.4524,1.3141,3.5147
2022-10-01,2,1.5935,0.5111,2.6061
2022-10-02,2,1.887,0.7816,2.9618
2022-10-03,2,1.9181,0.717,3.0112
2022-10-04,2,2.2066,0.9754,3.306
2022-10-05,2,2.2682,1.1376,3.3987
2022-10-06,2,2.2587,1.1526,3.4038
2022-11-01,2,1.7013,0.5674,2.8995
2022-11-02,2,2.6466,1.4575,3.6956
2022-11-03,2,2.5536,1.3041,3.6462
2022-11-04,2,2.4967,1.3958,3.6259
2022-11-05,2,2.3677,1.2243,3.4778
2022-12-01,2,2.0819,0.9816,3.1966
2022-12-02,2,2.0024,0.7969,3.1979
2022-12-03,2,1.8559,0.6888,2.8823
2022-12-04,2,2.0505,1.0296,3.1409
2022-12-05,2,1.9909,0.7857,3.0835
2022-12-06,2,2.1984,1.1695,3.2927
2022-12-07,2,2.1902,1.0126,3.2476
2022-12-08,2,2.1233,1.0675,3.272
2022-12-09,2,2.0981,1.0212,3.2731
2022-12-10,2,2.0062,0.8525,3.0813
2022-12-11,2,2.2544,1.1303,3.4541
2022-12-12,2,2.2464,1.0089,3.2692
2022-12-13,2,2.5022,1.4066,3.6353
2022-12-14,2,2.5379,1.4248,3.6768
2022-12-15,2,2.5096,1.2773,3.6447
2022-12-16,2,2.5165,1.3092,3.6896
2022-12-17,2,2.4496,1.3366,3.607
2022-12-18,2,2.7151,1.6047,3.9136
2022-12-19,2,2.7159,1.6337,3.8367
2022-12-20,2,2.972,1.8665,4.1019
2022-12-21,2,2.9992,1.8095,4.1961
2022-12-22,2,2.9536,1.8151,4.0939
2022-12-23,2,2.9348,1.7875,4.1059
2022-12-24,2,2.834,1.6716,4.0238
2022-12-25,2,3.0582,1.9138,4.1993
2022-12-26,2,3.0109,1.8897,4.0382
2022-12-27,2,3.213,2.1078,4.3152
2022-12-28,2,3.1814,2.044,4.4002
2022-12-29,2,3.0731,1.9458,4.2711
2022-12-30,2,2.9891,1.8204,4.0949
2022-12-31,2,2.8218,1.6747,3.9425
2023-01-01,2,3.1574,2.002,4.2923
2023-01-02,2,2.8664,1.7658,3.9071
2023-01-03,2,3.0053,1.829,4.1133
2023-01-04,2,2.9139,1.7974,4.1132
2023-01-05,2,2.7505,1.4988,3.9065
2023-01-06,2,2.6169,1.497,3.7653
2023-01-07,2,2.4064,1.2992,3.488
2023-01-08,2,2.5277,1.3851,3.6886
2023-01-09,2,2.3865,1.1283,3.4528
2023-01-10,2,2.5049,1.3683,3.6423
2019-01-01,3,1.9577,0.6665,3.152
2019-01-02,3,1.9082,0.7614,3.3004
2019-01-03,3,1.9362,0.7243,3.2671
2019-01-04,3,1.8866,0.688,3.0956
2019-01-05,3,1.6851,0.4764,2.8719
2019-01-06,3,1.3095,0.1105,2.5182
2019-01-07,3,1.3596,0.1807,2.5713
2019-01-08,3,1.4137,0.1969,2.7078
2019-01-09,3,1.3872,0.0917,2.5577
2019-02-01,3,1.8526,0.6571,3.114
2019-02-02,3,1.8045,0.5603,3.0478
2019-02-03,3,1.5808,0.318,2.8587
2019-02-04,3,1.779,0.6329,3.0725
2019-02-05,3,1.9755,0.6407,3.3045
2019-02-06,3,2.0838,0.8901,3.2806
2019-02-07,3,2.2346,0.9453,3.444
2019-02-08,3,2.3043,1.0609,3.5214
2019-03-01,3,2.4536,1.1994,3.7059
2019-03-02,3,2.343,1.1394,3.5491
2019-03-03,3,2.0617,0.826,3.2987
2019-03-04,3,2.208,0.9367,3.5439
2019-03-05,3,2.3582,1.2106,3.6395
2019-03-06,3,2.426,1.2033,3.6528
2019-03-07,3,2.542,1.2827,3.7957
2019-03-08,3,2.5821,1.3592,3.7546
2019-03-09,3,2.4709,1.1885,3.6869
2019-03-10,3,2.1845,0.9029,3.3977
2019-03-11,3,2.3208,1.121,3.4893
2019-04-01,3,2.1474,0.9616,3.322
2019-04-02,3,2.3118,1.116,3.5114
2019-04-03,3,2.4017,1.1661,3.6656
2019-04-04,3,2.5481,1.3008,3.8036
2019-04-05,3,2.6272,1.3743,3.8565
2019-04-06,3,2.5633,1.3297,3.869
2019-04-07,3,2.3323,1.1519,3.5785
2019-04-08,3,2.5317,1.2683,3.8233
2019-04-09,3,2.7375,1.4527,4.0187
2019-05-01,3,2.0094,0.7647,3.2987
2019-05-02,3,3.1228,1.9253,4.2735
2019-05-03,3,3.0872,1.816,4.3496
2019-05-04,3,2.9049,1.5852,4.1218
2019-05-05,3,2.5537,1.2886,3.7653
2019-06-01,3,2.7375,1.3905,3.9794
2019-06-02,3,2.3859,1.1865,3.7291
2019-06-03,3,2.4546,1.1474,3.7426
2019-06-04,3,2.5218,1.2898,3.7385
2019-06-05,3,2.5028,1.2188,3.7214
2019-06-06,3,2.5307,1.2934,3.7335
2019-06-07,3,2.4829,1.2234,3.7904
2019-06-08,3,2.2858,1.0017,3.5328
2019-06-09,3,1.9176,0.63,3.2423
2019-07-01,3,1.7167,0.4814,2.9321
2019-07-02,3,1.8419,0.5838,3.0658
2019-07-03,3,1.8792,0.6894,3.2171
2019-07-04,3,1.9596,0.6,3.2081
2019-07-05,3,1.9598,0.5873,3.1929
2019-07-06,3,1.8052,0.6174,3.0079
2019-07-07,3,1.473,0.2512,2.626
2019-07-08,3,1.5624,0.3613,2.7604
2019-07-09,3,1.6514,0.3737,2.8717
2019-08-01,3,2.0559,0.7911,3.3138
2019-08-02,3,2.1629,0.9265,3.4553
2019-08-03,3,2.1198,0.8105,3.3249
2019-08-04,3,1.9016,0.6468,3.0579
2019-08-05,3,2.1055,0.741,3.3467
2019-08-06,3,2.3074,1.069,3.4902
2019-08-07,3,2.4206,1.2161,3.6401
2019-08-08,3,2.5754,1.4127,3.8096
2019-08-09,3,2.6479,1.3976,3.9192
2019-08-10,3,2.5627,1.3885,3.8285
2019-08-11,3,2.2961,0.9983,3.5368
2019-08-12,3,2.447,1.1873,3.6543
2019-08-13,3,2.5925,1.3079,3.8702
2019-08-14,3,2.6475,1.4145,3.9082
2019-08-15,3,1.979,0.7207,3.2574
2019-08-16,3,2.7593,1.5082,4.0437
2019-08-17,3,2.6196,1.361,3.8173
2019-09-01,3,2.2087,1.0426,3.3899
2019-09-02,3,2.366,1.243,3.5863
2019-09-03,3,2.5309,1.2534,3.7288
2019-09-04,3,2.6167,1.3261,3.8929
2019-09-05,3,2.7536,1.4417,3.9766
2019-09-06,3,2.8172,1.4883,3.9879
2019-09-07,3,2.7311,1.4663,3.9326
2019-09-08,3,2.4709,1.226,3.7055
2019-09-09,3,2.6338,1.3693,3.8647
2019-09-10,3,2.7957,1.4829,4.0377
2019-09-11,3,2.8696,1.696,4.138
2019-10-01,3,1.8056,0.4946,3.0545
2019-10-02,3,1.7837,0.5239,3.0022
2019-10-03,3,1.8177,0.5396,3.0652
2019-10-04,3,1.7851,0.5273,3.0034
2019-10-05,3,1.6116,0.2411,2.7912
2019-10-06,3,1.2744,0.056,2.4679
2019-10-07,3,1.3725,0.1312,2.6257
2019-10-08,3,1.4831,0.1763,2.7482
2019-11-01,3,1.4764,0.2485,2.6765
2019-11-02,3,1.9033,0.6449,3.0623
2019-11-03,3,1.593,0.443,2.755
2019-11-04,3,1.7085,0.4696,2.9443
2019-11-05,3,1.8275,0.5305,3.1442
2019-12-01,3,1.9585,0.8507,3.1601
2019-12-02,3,2.0951,0.8514,3.3339
2019-12-03,3,2.2326,0.9936,3.4889
2019-12-04,3,2.2856,0.9961,3.5497
2019-12-05,3,2.3857,1.1402,3.6471
2019-12-06,3,2.4098,1.1899,3.6315
2019-12-07,3,2.2834,1.0214,3.4747
2019-12-08,3,1.9836,0.6985,3.1672
2019-12-09,3,2.1093,0.942,3.3597
2020-01-01,3,1.9297,0.756,3.216
2020-01-02,3,1.9314,0.6998,3.1751
2020-01-03,3,1.8872,0.6385,3.2239
2020-02-01,3,1.6501,0.4881,2.8781
2020-02-02,3,1.4313,0.202,2.6388
2020-02-03,3,1.6358,0.4186,2.8267
2020-02-04,3,1.8397,0.5705,3.0349
2020-02-05,3,1.9563,0.6197,3.3338
2020-02-06,3,2.1161,0.8678,3.3109
2020-02-07,3,2.1954,0.9689,3.5117
2020-02-08,3,2.1188,0.7785,3.4278
2020-02-09,3,1.8627,0.5686,3.1902
2020-02-10,3,2.0257,0.7061,3.2718
2020-02-11,3,2.1853,0.9951,3.4957
2020-02-12,3,2.2559,0.9668,3.5902
2020-02-13,3,2.3693,1.1069,3.6411
2020-02-14,3,2.4029,1.2185,3.7073
2020-02-15,3,2.2824,0.9638,3.4448
2020-03-01,3,2.0172,0.7497,3.3628
2020-03-02,3,2.1629,0.8973,3.4549
2020-03-03,3,2.3133,1.1295,3.5431
2020-03-04,3,2.3822,1.1449,3.5681
2020-03-05,3,2.5002,1.2713,3.7867
2020-03-06,3,2.5432,1.3507,3.8447
2020-03-07,3,2.4357,1.1645,3.7219
2020-03-08,3,2.1538,0.837,3.4292
2020-03-09,3,2.2954,1.0352,3.5594
2020-03-10,3,2.4371,1.2083,3.7059
2020-03-11,3,2.4929,1.3155,3.7127
2020-03-12,3,2.5935,1.3274,3.7648
2020-04-01,3,2.3638,1.0984,3.5815
2020-04-02,3,2.5018,1.2061,3.7564
2020-04-03,3,2.5732,1.409,3.8322
2020-04-04,3,2.5025,1.3345,3.7214
2020-04-05,3,2.2658,1.0563,3.535
2020-04-06,3,2.4609,1.1699,3.6902
2020-04-07,3,2.6638,1.3507,3.8748
2020-04-08,3,2.7877,1.6038,4.0023
2020-04-09,3,2.9626,1.6302,4.2631
2020-04-10,3,3.0638,1.8017,4.3149
2020-04-11,3,3.015,1.8352,4.3375
2020-04-12,3,2.7914,1.4294,3.918
2020-04-13,3,1.7451,0.4603,2.9353
2020-05-01,3,2.1324,0.8971,3.3864
2020-05-02,3,3.0239,1.7455,4.1988
2020-05-03,3,2.6695,1.4937,3.9734
2020-05-04,3,2.7446,1.5452,4.0142
2020-05-05,3,2.8275,1.5403,4.0834
2020-05-06,3,2.8337,1.4693,4.0809
2020-05-07,3,2.8952,1.6522,4.146
2020-06-01,3,4.0527,2.7617,5.3462
2020-06-02,3,2.6847,1.5597,3.883
2020-06-03,3,2.6718,1.4528,3.9171
2020-06-04,3,2.7037,1.4734,3.9507
2020-06-05,3,2.6585,1.4125,3.9594
2020-06-06,3,2.4624,1.1289,3.691
2020-06-07,3,2.0934,0.8891,3.3589
2020-06-08,3,2.1517,0.9177,3.3519
2020-06-09,3,2.2154,0.9311,3.3894
2020-06-10,3,2.2003,0.9613,3.4658
2020-06-11,3,2.2384,0.9446,3.4822
2020-06-12,3,2.2077,1.024,3.4026
2020-06-13,3,2.0338,0.7863,3.223
2020-06-14,3,1.6942,0.3681,2.8941
2020-06-15,3,1.7877,0.6497,3.0127
2020-06-16,3,1.8919,0.5786,3.1187
2020-06-17,3,1.9208,0.737,3.1253
2020-06-18,3,2.0056,0.834,3.1963
2020-07-01,3,1.9983,0.7445,3.2695
2020-07-02,3,2.0866,0.8283,3.2934
2020-07-03,3,2.0949,0.827,3.286
2020-07-04,3,1.948,0.7468,3.2023
2020-07-05,3,1.623,0.4434,2.8763
2020-07-06,3,1.7189,0.3876,2.9383
2020-07-07,3,1.8134,0.5828,3.0704
2020-07-08,3,1.8217,0.5099,3.0127
2020-07-09,3,1.8758,0.6945,3.1232
2020-07-10,3,1.8538,0.6254,3.0957
2020-07-11,3,1.6818,0.3902,2.883
2020-07-12,3,1.3379,0.0863,2.5846
2020-07-13,3,1.4221,0.1605,2.7227
2020-07-14,3,2.0096,0.882,3.2328
2020-07-15,3,1.5257,0.2021,2.7487
2020-07-16,3,1.5934,0.3582,2.8113
2020-08-01,3,2.1441,0.8755,3.4193
2020-08-02,3,1.9293,0.5607,3.1177
2020-08-03,3,2.1384,0.8529,3.3837
2020-08-04,3,2.3471,1.1109,3.6165
2020-08-05,3,2.4685,1.2539,3.7035
2020-08-06,3,2.6326,1.3808,3.815
2020-08-07,3,2.7154,1.4367,3.9647
2020-08-08,3,2.641,1.4446,3.8166
2020-08-09,3,2.3857,0.9917,3.5122
2020-09-01,3,2.6226,1.4681,3.8153
2020-09-02,3,2.7041,1.4525,4.0125
2020-09-03,3,2.8381,1.6032,4.0138
2020-09-04,3,2.9003,1.6089,4.0516
2020-09-05,3,2.8145,1.6623,4.1809
2020-09-06,3,2.5561,1.2077,3.7744
2020-09-07,3,2.7226,1.4433,3.9891
2020-09-08,3,2.8897,1.6416,4.1152
2020-10-01,3,2.0317,0.7745,3.2243
2020-10-02,3,1.9895,0.7827,3.2408
2020-10-03,3,1.8056,0.6343,3.1249
2020-10-04,3,1.4574,0.2342,2.6672
2020-10-05,3,1.5441,0.2222,2.6309
2020-10-06,3,1.6431,0.5241,2.962
2020-10-07,3,1.6689,0.455,2.965
2020-10-08,3,1.7526,0.5615,2.9904
2020-10-09,3,1.7705,0.4843,3.0198
2020-10-10,3,1.6474,0.3862,2.8696
2020-10-11,3,1.3591,0.1153,2.5839
2020-10-12,3,1.5037,0.249,2.7748
2020-11-01,3,1.174,0.0,2.45
2020-11-02,3,1.8536,0.5731,3.0707
2020-11-03,3,1.9723,0.7294,3.257
2020-11-04,3,2.0087,0.7773,3.2874
2020-11-05,3,2.0948,0.8072,3.2891
2020-11-06,3,2.1081,0.9077,3.2422
2020-11-07,3,1.9742,0.6745,3.1867
2020-11-08,3,1.6704,0.3833,2.9811
2020-11-09,3,1.7957,0.6041,3.1032
2020-11-10,3,1.9278,0.6816,3.2054
2020-12-01,3,2.35,1.1907,3.5377
2020-12-02,3,2.4056,1.1459,3.6781
2020-12-03,3,2.5079,1.2051,3.7471
2020-12-04,3,2.534,1.3315,3.8426
2020-12-05,3,2.4091,1.1122,3.5798
2020-12-06,3,2.1103,0.8571,3.3306
2020-12-07,3,2.2367,1.0468,3.5242
2021-01-01,3,2.1251,0.9235,3.3851
2021-01-02,3,1.8999,0.7283,3.088
2021-01-03,3,1.531,0.2386,2.8429
2021-01-04,3,1.5854,0.286,2.9011
2021-01-05,3,1.6409,0.3702,2.8824
2021-01-06,3,1.6131,0.344,2.7744
2021-01-07,3,1.6342,0.4091,2.8517
2021-01-08,3,1.5821,0.3166,2.8129
2021-01-09,3,1.3833,0.1105,2.6501
2021-01-10,3,1.0156,0.0,2.1904
2021-01-11,3,1.0789,0.0,2.2342
2021-01-12,3,1.1515,0.0,2.453
2021-01-13,3,1.1488,0.0,2.3875
2021-01-14,3,1.2031,0.0,2.6417
2021-01-15,3,1.192,0.0283,2.4669
2021-01-16,3,1.0412,0.0,2.2572
2021-01-17,3,0.728,0.0,1.9577
2021-01-18,3,0.8515,0.0,2.0577
2021-01-19,3,0.989,0.0,2.2951
2021-01-20,3,1.0545,0.0,2.3578
2021-01-21,3,1.1794,0.0,2.4471
2021-01-22,3,1.2397,0.0023,2.4357
2021-02-01,3,1.6529,0.3622,2.8344
2021-02-02,3,1.8612,0.5293,3.1993
2021-02-03,3,1.9835,0.7572,3.215
2021-02-04,3,2.15,0.9181,3.371
2021-02-05,3,2.2367,0.9746,3.4405
2021-02-06,3,2.168,0.9949,3.6061
2021-02-07,3,1.9203,0.7599,3.1538
2021-02-08,3,2.0917,0.7519,3.3398
2021-02-09,3,2.2596,1.0045,3.5518
2021-02-10,3,2.3381,1.0597,3.5544
2021-03-01,3,2.2452,0.9341,3.5518
2021-03-02,3,2.3934,1.1243,3.5677
2021-03-03,3,2.4609,1.2084,3.6744
2021-03-04,3,2.5782,1.3354,3.8928
2021-03-05,3,2.6215,1.4603,3.8781
2021-03-06,3,2.5152,1.2009,3.8368
2021-03-07,3,2.2352,0.9328,3.447
2021-03-08,3,2.3796,1.1413,3.6581
2021-03-09,3,2.5249,1.2643,3.6903
2021-03-10,3,2.5847,1.3497,3.912
2021-03-11,3,2.69,1.4149,3.9117
2021-03-12,3,2.717,1.4222,3.97
2021-03-13,3,2.5906,1.2813,3.8841
2021-03-14,3,2.2874,1.0051,3.475
2021-03-15,3,2.4063,1.2438,3.6364
2021-04-01,3,2.5457,1.3387,3.8278
2021-04-02,3,2.6071,1.4258,3.7982
2021-04-03,3,2.527,1.2334,3.845
2021-04-04,3,2.2817,0.8741,3.5659
2021-04-05,3,1.2241,0.0,2.5033
2021-04-06,3,2.6659,1.4551,3.8579
2021-04-07,3,2.785,1.5147,4.1026
2021-04-08,3,2.9567,1.692,4.1687
2021-04-09,3,3.0565,1.8969,4.3183
2021-04-10,3,3.008,1.7823,4.2441
2021-04-11,3,2.7866,1.4665,3.9669
2021-05-01,3,2.1021,0.9439,3.4153
2021-05-02,3,2.8204,1.5832,4.0337
2021-05-03,3,2.8911,1.6223,4.0824
2021-05-04,3,2.9682,1.8265,4.2537
2021-05-05,3,2.9671,1.6496,4.2655
2021-05-06,3,3.0203,1.8023,4.3238
2021-05-07,3,3.0054,1.644,4.1908
2021-05-08,3,3.0145,1.7866,4.316
2021-05-09,3,2.5256,1.2597,3.7855
2021-05-10,3,2.6368,1.3868,3.8321
2021-05-11,3,2.759,1.4508,3.8884
2021-05-12,3,2.8061,1.5061,3.9859
2021-05-13,3,0.9271,0.0,2.1808
2021-05-14,3,2.9438,1.7385,4.1927
2021-05-15,3,2.8347,1.5486,4.0357
2021-05-16,3,2.5575,1.2836,3.7573
2021-06-01,3,2.8219,1.6762,4.0746
2021-06-02,3,2.8152,1.4892,4.0625
2021-06-03,3,2.8519,1.5488,4.1376
2021-06-04,3,2.81,1.5306,3.992
2021-06-05,3,2.6156,1.3563,3.8644
2021-06-06,3,2.2469,1.0275,3.5289
2021-06-07,3,2.3035,1.0724,3.5659
2021-07-01,3,2.1487,0.9745,3.4341
2021-07-02,3,2.1636,0.8721,3.3844
2021-07-03,3,2.0234,0.6694,3.2093
2021-07-04,3,1.705,0.436,2.8903
2021-07-05,3,1.807,0.6142,3.0717
2021-07-06,3,1.907,0.6419,3.0834
2021-07-07,3,1.9197,0.7132,3.1427
2021-07-08,3,1.9772,0.798,3.1703
2021-07-09,3,1.9571,0.6582,3.2172
2021-08-01,3,1.8586,0.6321,3.1237
2021-08-02,3,2.0698,0.8642,3.2528
2021-08-03,3,2.2823,1.0999,3.5015
2021-08-04,3,2.4092,1.1553,3.666
2021-08-05,3,2.5802,1.3904,3.87
2021-08-06,3,2.6711,1.3617,3.9458
2021-08-07,3,2.6059,1.3606,3.887
2021-08-08,3,2.3605,1.055,3.6367
2021-08-09,3,2.533,1.2772,3.7503
2021-08-10,3,2.7002,1.3936,3.8741
2021-08-11,3,2.7762,1.5334,3.9378
2021-08-12,3,2.8923,1.6476,4.1243
2021-09-01,3,2.6804,1.4892,3.9295
2021-09-02,3,2.8093,1.5363,4.0211
2021-09-03,3,2.8677,1.5679,4.0583
2021-09-04,3,2.7795,1.6083,4.0963
2021-09-05,3,2.5204,1.2643,3.6654
2021-09-06,3,2.6878,1.4885,3.9479
2021-09-07,3,2.8575,1.6627,4.0946
2021-09-08,3,2.9425,1.687,4.2705
2021-09-09,3,3.0727,1.7435,4.3549
2021-09-10,3,3.1237,1.7994,4.464
2021-09-11,3,3.0192,1.7267,4.1722
2021-09-12,3,2.7351,1.426,3.9904
2021-09-13,3,2.869,1.6128,4.0365
2021-09-14,3,2.9975,1.8026,4.254
2021-09-15,3,3.0342,1.8068,4.3534
2021-09-16,3,3.1102,1.8971,4.3494
2021-09-17,3,3.1022,1.7624,4.4099
2021-09-18,3,2.9353,1.7117,4.1956
2021-09-19,3,2.5868,1.3301,3.8154
2021-09-20,3,2.6558,1.4327,3.8579
2021-09-21,3,2.7204,1.57,4.0003
2021-10-01,3,2.0724,0.7622,3.3428
2021-10-02,3,1.8786,0.6197,3.1113
2021-10-03,3,1.5197,0.2269,2.8061
2021-12-01,3,2.3698,1.2081,3.6522
2021-12-02,3,2.4745,1.1738,3.7982
2021-12-03,3,2.5027,1.1905,3.7616
2021-12-04,3,2.3795,1.1397,3.7679
2021-12-05,3,2.082,0.8055,3.2894
2021-12-06,3,2.2094,1.0025,3.4584
2021-12-07,3,2.3389,1.1208,3.5445
2021-12-08,3,2.3853,1.0077,3.6536
2021-12-09,3,2.4801,1.263,3.7179
2021-12-10,3,2.5004,1.2503,3.7368
2021-12-11,3,2.3713,1.0782,3.6284
2021-12-12,3,2.0698,0.8309,3.2948
2021-12-13,3,2.1946,0.9669,3.4571
2022-01-01,3,1.9754,0.7471,3.2111
2022-01-02,3,1.5783,0.3661,2.8144
2022-01-03,3,1.6361,0.3728,2.8252
2022-01-04,3,1.694,0.4051,2.8818
2022-01-05,3,1.6673,0.4603,3.0114
2022-01-06,3,1.6881,0.4365,2.9929
2022-01-07,3,1.6345,0.4176,2.9411
2022-01-08,3,1.4324,0.1988,2.7303
2022-01-09,3,1.06,0.0,2.385
2022-01-10,3,1.1171,0.026,2.4084
2022-01-11,3,1.1821,0.0,2.4107
2022-01-12,3,1.1704,0.0,2.3602
2022-01-13,3,1.2145,0.0,2.5324
2022-01-14,3,1.192,0.0,2.4496
2022-01-15,3,1.029,0.0,2.267
2022-02-01,3,1.715,0.4595,2.93
2022-02-02,3,1.8415,0.6716,3.0257
2022-02-03,3,2.0134,0.7317,3.2287
2022-02-04,3,2.1067,0.8791,3.4429
2022-02-05,3,2.0453,0.8914,3.3185
2022-02-06,3,1.8055,0.5018,3.0727
2022-02-07,3,1.9853,0.7668,3.2553
2022-02-08,3,2.1617,0.9142,3.3844
2022-02-09,3,2.2487,1.0733,3.5939
2022-02-10,3,2.3776,1.0969,3.5659
2022-02-11,3,2.4255,1.1845,3.6459
2022-02-12,3,2.3178,1.0285,3.5579
2022-02-13,3,2.0317,0.773,3.2692
2022-03-01,3,2.3165,1.0261,3.6584
2022-03-02,3,2.3817,1.1641,3.6612
2022-04-01,3,2.4989,1.3005,3.7658
2022-04-02,3,2.4089,1.0869,3.6635
2022-04-03,3,2.1542,0.957,3.3565
2022-04-04,3,2.3331,1.1927,3.6117
2022-04-05,3,2.5222,1.2131,3.7135
2022-04-06,3,2.635,1.3544,3.8286
2022-04-07,3,2.8018,1.5624,4.0828
2022-04-08,3,2.8982,1.6537,4.1909
2022-04-09,3,2.8481,1.6098,4.0672
2022-04-10,3,2.6269,1.4778,3.9137
2022-04-11,3,2.8317,1.6606,4.146
2022-04-12,3,3.0384,1.8439,4.269
2022-04-13,3,3.1597,1.921,4.3938
2022-05-01,3,1.752,0.5666,2.9612
2022-05-02,3,2.8962,1.6401,4.1477
2022-05-03,3,2.9695,1.7636,4.172
2022-05-04,3,2.9631,1.6595,4.2249
2022-05-05,3,3.0097,1.7066,4.2782
2022-05-06,3,2.987,1.6326,4.1703
2022-05-07,3,2.821,1.5581,4.1286
2022-06-01,3,2.8132,1.5549,3.994
2022-06-02,3,2.8568,1.6265,4.1433
2022-06-03,3,2.8203,1.5151,4.1356
2022-06-04,3,2.63,1.42,3.8038
2022-06-05,3,2.2637,0.9984,3.5037
2022-07-01,3,2.1023,0.8603,3.3469
2022-07-02,3,1.9693,0.7701,3.1719
2022-07-03,3,1.6581,0.3598,2.788
2022-07-04,3,1.7673,0.5508,2.9321
2022-07-05,3,1.8741,0.5757,3.1478
2022-07-06,3,1.893,0.6342,3.0773
2022-08-01,3,1.8944,0.6704,3.1001
2022-08-02,3,2.1092,0.7729,3.2834
2022-08-03,3,2.24,1.0301,3.5773
2022-08-04,3,2.4167,1.2931,3.6833
2022-08-05,3,2.5147,1.1741,3.6957
2022-08-06,3,2.4579,1.2241,3.6526
2022-08-07,3,2.222,0.9204,3.4311
2022-08-08,3,2.4048,1.1285,3.6137
2022-08-09,3,2.5828,1.2936,3.8018
2022-08-10,3,2.6697,1.4263,4.0076
2022-08-11,3,2.7968,1.5575,4.031
2022-08-12,3,2.8408,1.5473,4.0822
2022-09-01,3,2.6999,1.4223,3.9318
2022-09-02,3,2.7534,1.3904,4.1051
2022-09-03,3,2.6617,1.4001,3.8346
2022-10-01,3,1.8935,0.6153,3.0659
2022-10-02,3,1.5255,0.3164,2.8176
2022-10-03,3,1.5909,0.3323,2.7986
2022-10-04,3,1.6675,0.419,2.9745
2022-10-05,3,1.6703,0.4063,2.9968
2022-10-06,3,1.7309,0.4276,3.0073
2022-10-07,3,1.7263,0.4151,2.9886
2022-10-08,3,1.5815,0.3461,2.7447
2022-10-09,3,1.273,0.0848,2.4776
2022-10-10,3,1.3991,0.1289,2.6143
2022-11-01,3,1.3533,0.1228,2.5948
2022-11-02,3,1.954,0.6996,3.1394
2022-11-03,3,2.039,0.6604,3.3384
2022-11-04,3,2.0495,0.8162,3.3727
2022-11-05,3,1.9111,0.6647,3.1575
2022-11-06,3,1.6014,0.4545,2.8064
2022-11-07,3,1.7197,0.4419,3.0231
2022-12-01,3,2.3944,1.159,3.5852
2022-12-02,3,2.4254,1.2025,3.7072
2022-12-03,3,2.3047,0.9451,3.6305
2022-12-04,3,2.0096,0.7633,3.2473
2022-12-05,3,2.1387,0.7587,3.3084
2022-12-06,3,2.2697,1.0506,3.5517
2022-12-07,3,2.3171,1.1292,3.5316
2022-12-08,3,2.4126,1.1164,3.6967
2022-12-09,3,2.4332,1.2598,3.7113
2022-12-10,3,2.3042,0.9707,3.5964
2022-12-11,3,2.0027,0.7699,3.2786
2022-12-12,3,2.1273,0.9665,3.349
2022-12-13,3,2.2554,1.0909,3.5458
2022-12-14,3,2.3012,1.0832,3.5889
2022-12-15,3,2.396,1.0898,3.6065
2022-12-16,3,2.4163,1.0896,3.6876
2022-12-17,3,2.2868,1.1268,3.5172
2022-12-18,3,1.9841,0.7306,3.2499
2022-12-19,3,2.1063,0.7843,3.3717
2022-12-20,3,2.2301,0.9198,3.4989
2022-12-21,3,2.2694,1.0387,3.5891
2022-12-22,3,2.3548,1.1586,3.6229
2022-12-23,3,2.3627,1.087,3.4774
2022-12-24,3,2.2174,0.9086,3.4229
2022-12-25,3,1.8953,0.7172,3.1735
2022-12-26,3,1.9947,0.7596,3.2511
2022-12-27,3,2.0923,0.8632,3.3244
2022-12-28,3,2.1022,0.9139,3.4162
2022-12-29,3,2.1555,0.8537,3.3945
2022-12-30,3,2.129,0.8323,3.2754
2022-12-31,3,1.9479,0.7177,3.2675
2023-01-01,3,1.6218,0.3131,2.8458
2023-01-02,3,1.652,0.4079,2.9771
2023-01-03,3,1.714,0.36,3.0634
2023-01-04,3,1.6903,0.3896,2.9684
2019-01-01,4,2.1281,1.0987,3.2276
2019-01-02,4,2.1993,1.0498,3.3102
2019-01-03,4,2.2667,1.1477,3.3207
2019-01-04,4,2.3512,1.2222,3.4843
2019-01-05,4,2.2434,1.0885,3.3096
2019-01-06,4,2.2763,1.2731,3.3819
2019-01-07,4,2.179,1.1084,3.2477
2019-01-08,4,2.2675,1.2082,3.3822
2019-02-01,4,2.9412,1.9057,4.07
2019-02-02,4,2.7261,1.6077,3.8099
2019-02-03,4,2.6347,1.4746,3.8146
2019-02-04,4,2.3966,1.2593,3.4962
2019-02-05,4,2.3288,1.2377,3.4302
2019-02-06,4,2.1454,1.0735,3.2723
2019-02-07,4,2.0551,0.9197,3.1937
2019-02-08,4,1.9792,0.8584,3.1607
2019-02-09,4,1.7104,0.6433,2.812
2019-02-10,4,1.5837,0.5109,2.7136
2019-03-01,4,2.084,0.8914,3.1486
2019-03-02,4,2.1409,1.0299,3.234
2019-03-03,4,2.3318,1.1201,3.4003
2019-03-04,4,2.381,1.349,3.4496
2019-03-05,4,2.5998,1.4341,3.686
2019-03-06,4,2.6967,1.5812,3.8119
2019-03-07,4,2.8746,1.7492,3.9262
2019-04-01,4,1.506,0.4146,2.6629
2019-04-02,4,1.6497,0.6374,2.7334
2019-04-03,4,1.7089,0.6167,2.8003
2019-04-04,4,1.8879,0.7424,3.0154
2019-05-01,4,2.8245,1.6465,3.8941
2019-05-02,4,3.1337,2.0052,4.1913
2019-05-03,4,3.0842,2.0475,4.2774
2019-05-04,4,2.8457,1.7518,3.8791
2019-05-05,4,2.7524,1.697,3.83
2019-05-06,4,2.5344,1.5226,3.6599
2019-05-07,4,2.5082,1.4208,3.6095
2019-05-08,4,1.4556,0.3714,2.5294
2019-05-09,4,2.377,1.3322,3.4953
2019-05-10,4,2.3978,1.3304,3.5581
2019-05-11,4,2.2387,1.1115,3.328
2019-05-12,4,2.2315,1.1817,3.336
2019-05-13,4,2.1036,0.9786,3.0989
2019-05-14,4,2.1691,1.1276,3.345
2019-06-01,4,2.5202,1.4057,3.6536
2019-06-02,4,2.5349,1.403,3.6399
2019-06-03,4,2.4127,1.248,3.498
2019-06-04,4,2.4696,1.3174,3.6242
2019-06-05,4,2.418,1.3592,3.5667
2019-07-01,4,2.4993,1.4906,3.5869
2019-07-02,4,2.553,1.5221,3.7307
2019-07-03,4,2.4951,1.4698,3.5672
2019-07-04,4,2.5322,1.3038,3.6834
2019-07-05,4,2.5838,1.4288,3.7082
2019-07-06,4,2.4401,1.2826,3.5202
2019-07-07,4,2.4341,1.279,3.5135
2019-07-08,4,2.2952,1.2081,3.4113
2019-07-09,4,2.3392,1.2031,3.4721
2019-07-10,4,2.279,1.2132,3.3229
2019-08-01,4,2.941,1.832,4.0326
2019-08-02,4,3.037,1.8919,4.1643
2019-08-03,4,2.9303,1.8241,4.0944
2019-08-04,4,2.9526,1.8293,4.0299
2019-09-01,4,2.2429,1.1285,3.3276
2019-09-02,4,2.1413,0.9923,3.2771
2019-09-03,4,2.2158,1.0359,3.319
2019-09-04,4,2.177,1.0335,3.2431
2019-09-05,4,2.2298,1.1761,3.3082
2019-09-06,4,2.2922,1.1496,3.4352
2019-09-07,4,2.1532,1.0549,3.3118
2019-09-08,4,2.1447,1.0217,3.2475
2019-09-09,4,1.995,0.8807,3.0681
2019-10-01,4,1.9571,0.9031,3.0096
2019-10-02,4,2.0517,0.8835,3.0971
2019-10-03,4,2.2523,1.1116,3.3544
2019-10-04,4,2.475,1.4133,3.6526
2019-10-05,4,2.5066,1.4323,3.6399
2019-10-06,4,2.6764,1.5799,3.8331
2019-10-07,4,2.7096,1.6125,3.8702
2019-10-08,4,2.9186,1.7751,4.0034
2019-10-09,4,3.0122,1.9888,4.0574
2019-10-10,4,3.1941,2.0879,4.308
2019-10-11,4,3.3804,2.2917,4.424
2019-10-12,4,3.3586,2.2744,4.5297
2019-10-13,4,3.459,2.3849,4.5793
2019-11-01,4,2.379,1.2372,3.4797
2019-11-02,4,2.3405,1.2226,3.3698
2019-11-03,4,2.324,1.2682,3.3747
2019-11-04,4,2.187,1.098,3.3486
2019-11-05,4,2.2445,1.1152,3.2799
2019-11-06,4,2.208,1.1149,3.3129
2019-11-07,4,2.2827,1.1314,3.4038
2019-11-08,4,2.3859,1.2534,3.4317
2019-11-09,4,2.3059,1.204,3.4047
2019-11-10,4,2.3729,1.3256,3.4832
2019-11-11,4,2.6408,1.5331,3.6786
2019-11-12,4,2.4397,1.2867,3.535
2019-11-13,4,2.4618,1.3842,3.6404
2019-12-01,4,2.3416,1.1946,3.4918
2019-12-02,4,2.1508,1.0416,3.2667
2019-12-03,4,2.1413,1.0208,3.2604
2019-12-04,4,2.0266,0.9383,3.1624
2019-12-05,4,2.0141,1.0437,3.1808
2019-12-06,4,2.0239,0.9205,3.1404
2019-12-07,4,1.8469,0.7498,3.0386
2019-12-08,4,1.8161,0.8,2.8583
2019-12-09,4,1.6605,0.5923,2.8173
2019-12-10,4,1.6957,0.535,2.8236
2019-12-11,4,1.6336,0.5573,2.7144
2019-12-12,4,1.6801,0.5909,2.7803
2019-12-13,4,1.7537,0.6529,2.8774
2019-12-14,4,1.6431,0.6532,2.7098
2019-12-15,4,1.6795,0.6444,2.7966
2019-12-16,4,1.5902,0.519,2.6812
2019-12-17,4,1.6888,0.649,2.8726
2019-12-18,4,1.6858,0.5756,2.7583
2019-12-19,4,1.7855,0.723,2.9093
2020-01-01,4,1.9544,0.8615,3.0886
2020-01-02,4,2.1245,1.0547,3.2439
2020-01-03,4,2.209,1.0733,3.2538
2020-01-04,4,2.0997,0.995,3.1789
2020-01-05,4,2.1299,1.0789,3.2909
2020-01-06,4,2.0286,0.949,3.1367
2020-01-07,4,2.1117,1.0062,3.2179
2020-01-08,4,2.0919,0.9165,3.1969
2020-01-09,4,2.1758,1.0958,3.2757
2020-01-10,4,2.2827,1.1927,3.3564
2020-01-11,4,2.2024,1.0678,3.2094
2020-02-01,4,2.722,1.6465,3.806
2020-02-02,4,2.6493,1.5006,3.8273
2020-02-03,4,2.4279,1.2651,3.5538
2020-02-04,4,2.3742,1.2963,3.49
2020-02-05,4,2.2019,1.1498,3.3269
2020-02-06,4,2.1191,0.8942,3.2085
2020-02-07,4,2.0479,0.9105,3.1135
2020-02-08,4,1.7797,0.6943,2.878
2020-03-01,4,2.0213,0.9281,3.1098
2020-03-02,4,2.0809,1.0146,3.2149
2020-03-03,4,2.3146,1.1964,3.4373
2020-03-04,4,2.4304,1.2818,3.5595
2020-03-05,4,2.6307,1.539,3.8371
2020-03-06,4,2.8313,1.7568,3.9311
2020-03-07,4,2.8188,1.7672,3.9307
2020-03-08,4,2.9231,1.8025,3.9965
2020-03-09,4,2.8709,1.7327,3.9632
2020-03-10,4,2.976,1.8261,4.0912
2020-03-11,4,2.9497,1.8192,4.0847
2020-03-12,4,2.9988,1.8855,4.0881
2020-03-13,4,3.0421,1.9094,4.1719
2020-03-14,4,2.8702,1.8105,3.9578
2020-03-15,4,2.8172,1.708,3.9045
2020-04-01,4,1.5403,0.5124,2.6378
2020-04-02,4,1.6942,0.5791,2.7914
2020-04-03,4,1.8868,0.7996,2.9828
2020-04-04,4,1.9054,0.809,3.0427
2020-04-05,4,2.0792,0.9842,3.2436
2020-04-06,4,2.1335,1.0876,3.2297
2020-04-07,4,2.3798,1.3119,3.4174
2020-05-01,4,2.8684,1.7928,3.9564
2020-05-02,4,3.004,1.9482,4.1251
2020-05-03,4,2.904,1.8296,3.9731
2020-05-04,4,2.6768,1.5277,3.7686
2020-05-05,4,2.6393,1.576,3.8041
2020-05-06,4,2.5047,1.4595,3.612
2020-05-07,4,2.4805,1.4192,3.6115
2020-05-08,4,1.5548,0.4617,2.6558
2020-05-09,4,2.3115,1.2072,3.4128
2020-05-10,4,2.289,1.2573,3.4136
2020-05-11,4,2.1464,1.0213,3.2383
2020-05-12,4,2.1982,1.0733,3.3419
2020-06-01,4,2.1308,0.9765,3.3097
2020-06-02,4,2.5447,1.3745,3.5821
2020-06-03,4,2.4964,1.435,3.5389
2020-06-04,4,2.5453,1.415,3.6369
2020-06-05,4,2.6108,1.3892,3.7077
2020-06-06,4,2.4833,1.4512,3.5956
2020-06-07,4,2.4957,1.4147,3.6343
2020-06-08,4,2.3767,1.3489,3.5984
2020-06-09,4,2.4421,1.3635,3.5787
2020-06-10,4,2.404,1.2885,3.5205
2020-06-11,4,2.4686,1.3932,3.5881
2020-06-12,4,2.5546,1.4869,3.6822
2020-06-13,4,2.4514,1.3839,3.5756
2020-06-14,4,2.4907,1.339,3.582
2020-06-15,4,2.4004,1.2784,3.5322
2020-07-01,4,2.6308,1.6234,3.7867
2020-07-02,4,2.6742,1.626,3.7621
2020-07-03,4,2.7308,1.5804,3.807
2020-07-04,4,2.591,1.4919,3.7222
2020-07-05,4,2.5875,1.4322,3.5934
2020-07-06,4,2.4496,1.2471,3.5972
2020-07-07,4,2.4933,1.4299,3.5799
2020-07-08,4,2.4312,1.3367,3.4873
2020-07-09,4,2.4704,1.3121,3.5022
2020-07-10,4,2.5305,1.342,3.6236
2020-07-11,4,2.4018,1.2645,3.4676
2020-07-12,4,2.4171,1.3778,3.5739
2020-07-13,4,2.3052,1.1973,3.3996
2020-07-14,4,2.9927,1.9351,4.0389
2020-07-15,4,2.358,1.2204,3.4697
2020-07-16,4,2.4405,1.2544,3.5734
2020-07-17,4,2.5474,1.4979,3.6149
2020-07-18,4,2.4678,1.3435,3.5531
2020-07-19,4,2.5329,1.4987,3.5977
2020-07-20,4,2.4701,1.346,3.526
2020-07-21,4,2.5932,1.5641,3.7668
2020-07-22,4,2.6128,1.5098,3.7159
2020-07-23,4,2.7332,1.6432,3.8433
2020-07-24,4,2.8718,1.712,3.918
2020-09-01,4,2.4304,1.3021,3.5518
2020-09-02,4,2.4007,1.2531,3.5216
2020-09-03,4,2.4637,1.3168,3.5645
2020-09-04,4,2.537,1.4637,3.6785
2020-09-05,4,2.4075,1.3157,3.5715
2020-10-01,4,2.3018,1.2073,3.4984
2020-10-02,4,2.5176,1.3905,3.6208
2020-10-03,4,2.5455,1.4257,3.6472
2020-10-04,4,2.7148,1.5596,3.8464
2020-10-05,4,2.7509,1.6307,3.8034
2020-10-06,4,2.9661,1.9286,4.1414
2020-10-07,4,3.0692,1.9602,4.1574
2020-10-08,4,3.2634,2.1984,4.3525
2020-10-09,4,3.4649,2.3548,4.5451
2020-11-01,4,2.4647,1.2924,3.5486
2020-11-02,4,2.44,1.3917,3.5537
2020-11-03,4,2.4806,1.4192,3.5515
2020-11-04,4,2.4261,1.3273,3.5787
2020-11-05,4,2.4834,1.4759,3.5583
2020-11-06,4,2.5705,1.4472,3.6903
2020-11-07,4,2.4758,1.3296,3.5575
2020-12-01,4,2.4195,1.2941,3.5647
2020-12-02,4,2.3011,1.2084,3.4675
2020-12-03,4,2.2827,1.2323,3.3735
2020-12-04,4,2.2846,1.1492,3.3383
2020-12-05,4,2.0979,0.9571,3.2161
2020-12-06,4,2.0558,0.9728,3.1609
2020-12-07,4,1.8877,0.7524,2.9444
2021-01-01,4,2.2342,1.1113,3.3365
2021-01-02,4,2.2252,1.1457,3.3756
2021-01-03,4,2.2526,1.0862,3.3358
2021-01-04,4,2.147,1.0489,3.2455
2021-01-05,4,2.2244,1.0851,3.3042
2021-02-01,4,2.6458,1.5106,3.7457
2021-02-02,4,2.6074,1.4136,3.7004
2021-03-01,4,1.8832,0.8603,2.978
2021-03-02,4,2.1226,0.9901,3.2177
2021-03-03,4,2.2486,1.0802,3.3727
2021-03-04,4,2.4633,1.352,3.6353
2021-03-05,4,2.6819,1.5949,3.8199
2021-03-06,4,2.6908,1.5525,3.7845
2021-03-07,4,2.8191,1.6581,3.8982
2021-03-08,4,2.7927,1.7172,3.9286
2021-04-01,4,1.5064,0.3646,2.5706
2021-04-02,4,1.6683,0.6056,2.7697
2021-04-03,4,1.6587,0.5623,2.7728
2021-04-04,4,1.8074,0.6792,2.9004
2021-04-05,4,1.9966,0.8807,3.0508
2021-04-06,4,2.069,1.0296,3.1454
2021-04-07,4,2.2022,0.9584,3.2359
2021-04-08,4,2.4423,1.3692,3.4902
2021-04-09,4,2.704,1.6225,3.8293
2021-04-10,4,2.773,1.5618,3.9125
2021-04-11,4,2.9775,1.8217,4.092
2021-04-12,4,3.0419,1.9489,4.1923
2021-05-01,4,2.61,1.4752,3.6605
2021-05-02,4,2.8798,1.7449,3.9578
2021-05-03,4,2.6416,1.5279,3.6396
2021-05-04,4,2.5903,1.4952,3.6908
2021-05-05,4,2.4398,1.3633,3.6128
2021-05-06,4,2.3977,1.2803,3.5522
2021-05-07,4,2.3841,1.3362,3.5499
2021-06-01,4,2.2772,1.0738,3.3394
2021-06-02,4,2.2287,1.0778,3.2959
2021-07-01,4,2.3185,1.2274,3.4339
2021-07-02,4,2.3765,1.3516,3.5178
2021-07-03,4,2.237,1.1083,3.3222
2021-07-04,4,2.2327,1.2072,3.3979
2021-07-05,4,2.0925,0.9251,3.2407
2021-08-01,4,2.6215,1.4854,3.7875
2021-08-02,4,2.5222,1.4409,3.6117
2021-08-03,4,2.595,1.6187,3.7101
2021-08-04,4,2.5511,1.3756,3.6074
2021-08-05,4,2.5968,1.553,3.6771
2021-09-01,4,1.8073,0.7053,2.8525
2021-09-02,4,1.8741,0.7686,2.9571
2021-09-03,4,1.9523,0.887,3.0248
2021-09-04,4,1.8304,0.6908,2.9889
2021-09-05,4,1.8395,0.7665,2.8948
2021-09-06,4,1.7073,0.6367,2.8457
2021-09-07,4,1.7484,0.5691,2.8304
2021-09-08,4,1.6746,0.6983,2.8342
2021-10-01,4,1.7153,0.6392,2.8441
2021-10-02,4,1.7356,0.679,2.8455
2021-10-03,4,1.9004,0.8408,2.9899
2021-10-04,4,1.9353,0.8909,3.0475
2021-10-05,4,2.1526,1.0314,3.3381
2021-10-06,4,2.2612,1.1818,3.3821
2021-10-07,4,2.4642,1.4011,3.5993
2021-10-08,4,2.6774,1.5273,3.818
2021-11-01,4,1.7337,0.7237,2.7914
2021-11-02,4,1.8869,0.6973,2.9241
2021-11-03,4,1.8168,0.7152,2.9359
2021-11-04,4,1.8587,0.7353,2.9041
2021-11-05,4,1.9309,0.8755,3.0924
2021-11-06,4,1.8224,0.8023,3.0384
2021-11-07,4,1.8643,0.7217,2.9881
2021-11-08,4,1.7858,0.6596,2.9354
2021-11-09,4,1.898,0.8282,2.9893
2021-11-10,4,1.9109,0.8303,3.0237
2021-11-11,4,2.3559,1.1888,3.4734
2021-11-12,4,2.1668,1.0871,3.2808
2021-12-01,4,1.8584,0.8269,2.9878
2021-12-02,4,1.8418,0.7693,2.9665
2021-12-03,4,1.8434,0.779,2.979
2021-12-04,4,1.6541,0.501,2.7132
2022-01-01,4,1.6813,0.5156,2.8181
2022-01-02,4,1.8143,0.6401,2.8853
2022-01-03,4,1.7114,0.6494,2.8518
2022-01-04,4,1.7901,0.6228,2.9894
2022-01-05,4,1.7631,0.7038,2.8529
2022-01-06,4,1.8374,0.6328,2.9368
2022-01-07,4,1.9325,0.8129,3.0638
2022-01-08,4,1.8387,0.7103,2.9005
2022-01-09,4,1.8888,0.6903,2.9222
2022-01-10,4,1.8115,0.7994,2.943
2022-01-11,4,1.9218,0.7457,3.0614
2022-01-12,4,1.9315,0.8498,3.0518
2022-01-13,4,2.0462,0.9839,3.212
2022-01-14,4,2.184,1.159,3.2962
2022-01-15,4,2.1334,1.1034,3.2555
2022-01-16,4,2.2252,1.076,3.3496
2022-01-17,4,2.1863,1.0347,3.2897
2022-01-18,4,2.3297,1.2779,3.4073
2022-01-19,4,2.3654,1.2067,3.4236
2022-01-20,4,2.4973,1.438,3.5632
2022-01-21,4,2.6417,1.6201,3.7069
2022-01-22,4,2.586,1.4939,3.6212
2022-01-23,4,2.66,1.5565,3.7316
2022-02-01,4,2.4129,1.3437,3.5359
2022-02-02,4,2.2744,1.1778,3.3669
2022-02-03,4,2.2201,1.1195,3.3129
2022-02-04,4,2.1704,1.0867,3.2273
2022-02-05,4,1.9168,0.7555,3.0247
2022-02-06,4,1.7939,0.6767,2.9454
2022-02-07,4,1.5324,0.4133,2.578
2022-02-08,4,1.4504,0.3235,2.4322
2022-03-01,4,1.6805,0.6202,2.7822
2022-03-02,4,1.817,0.7839,2.9859
2022-03-03,4,2.0468,0.9316,3.2025
2022-03-04,4,2.2848,1.1475,3.341
2022-03-05,4,2.3168,1.1997,3.4568
2022-03-06,4,2.4716,1.4423,3.5371
2022-03-07,4,2.4746,1.3878,3.6074
2022-03-08,4,2.6382,1.4924,3.6941
2022-03-09,4,2.6723,1.4817,3.76
2022-03-10,4,2.7816,1.7104,3.8718
2022-03-11,4,2.8838,1.7931,4.0243
2022-03-12,4,2.7683,1.6076,3.9093
2022-03-13,4,2.7676,1.6721,3.9648
2022-04-01,4,1.4456,0.3943,2.5836
2022-04-02,4,1.4117,0.2898,2.5592
2022-04-03,4,1.5385,0.3859,2.6333
2022-04-04,4,1.5522,0.4447,2.6453
2022-04-05,4,1.7655,0.6986,2.798
2022-05-01,4,2.652,1.4878,3.8682
2022-05-02,4,2.7913,1.7208,3.9363
2022-05-03,4,2.7367,1.5742,3.833
2022-05-04,4,2.58,1.4868,3.7677
2022-05-05,4,2.5294,1.4504,3.6088
2022-05-06,4,2.5052,1.3994,3.6991
2022-06-01,4,2.3406,1.2083,3.4668
2022-06-02,4,2.395,1.2236,3.5892
2022-06-03,4,2.4636,1.3702,3.6549
2022-06-04,4,2.3366,1.3114,3.5066
2022-06-05,4,2.347,1.1612,3.3909
2022-06-06,4,1.8714,0.7873,2.9806
2022-06-07,4,2.2828,1.1747,3.4235
2022-08-01,4,2.8247,1.695,3.946
2022-08-02,4,2.9124,1.7964,3.9973
2022-08-03,4,2.8837,1.7842,3.9818
2022-08-04,4,2.9443,1.8525,3.9891
2022-08-05,4,3.0128,1.9089,4.1804
2022-08-06,4,2.8789,1.8917,4.032
2022-08-07,4,2.8751,1.7914,3.9273
2022-08-08,4,2.7303,1.6758,3.8339
2022-08-09,4,2.7603,1.6066,3.8251
2022-08-10,4,2.6779,1.6146,3.7716
2022-08-11,4,2.6902,1.5194,3.7701
2022-08-12,4,2.7171,1.6708,3.8045
2022-08-13,4,2.5494,1.451,3.6521
2022-08-14,4,2.5202,1.4204,3.6855
2022-08-15,4,2.007,0.8987,3.074
2022-08-16,4,2.3823,1.2509,3.4478
2022-08-17,4,2.3023,1.1335,3.3996
2022-08-18,4,2.326,1.2549,3.4731
2022-08-19,4,2.3726,1.3289,3.5237
2022-09-01,4,2.297,1.2025,3.4043
2022-09-02,4,2.3856,1.3559,3.4551
2022-09-03,4,2.2752,1.1568,3.3431
2022-09-04,4,2.2967,1.1393,3.4035
2022-09-05,4,2.1775,1.119,3.2523
2022-10-01,4,2.1064,1.0207,3.1999
2022-10-02,4,2.2651,1.18,3.2412
2022-10-03,4,2.297,1.1731,3.3783
2022-10-04,4,2.5146,1.384,3.6503
2022-10-05,4,2.6267,1.4795,3.7457
2022-10-06,4,2.8366,1.7539,3.9725
2022-11-01,4,2.4258,1.3549,3.6371
2022-11-02,4,2.4708,1.3963,3.5061
2022-12-01,4,2.5616,1.3738,3.6517
2022-12-02,4,2.562,1.4044,3.6297
2022-12-03,4,2.3694,1.2622,3.4361
2022-12-04,4,2.3175,1.2158,3.4243
2022-12-05,4,2.136,1.0339,3.28
2022-12-06,4,2.1413,1.0397,3.2413
2022-12-07,4,2.0465,0.9214,3.1647
2022-12-08,4,2.0584,0.9807,3.1428
2022-12-09,4,2.0965,1.0335,3.2276
2022-12-10,4,1.9507,0.8239,3.0707
2022-12-11,4,1.9532,0.7972,3.1388
2022-12-12,4,1.8321,0.6284,2.9635
2022-12-13,4,1.9021,0.8359,3.0377
2022-12-14,4,1.874,0.7228,3.0108
2022-12-15,4,1.9532,0.8477,3.0585
2022-12-16,4,2.057,0.9163,3.1297
2022-12-17,4,1.9736,0.84,3.1145
2022-12-18,4,2.0338,0.948,3.1243
2022-12-19,4,1.9642,0.7941,3.1137
2022-12-20,4,2.0783,0.9626,3.1948
2022-12-21,4,2.0863,1.0167,3.201
2022-12-22,4,2.1927,1.1543,3.2784
2022-12-23,4,2.3148,1.1321,3.3838
2022-12-24,4,2.241,1.126,3.3108
2022-12-25,4,2.3022,1.2724,3.4469
2022-12-26,4,2.2258,1.1461,3.358
2022-12-27,4,2.3262,1.1837,3.4357
2022-12-28,4,2.3149,1.1608,3.4794
2022-12-29,4,2.3977,1.3306,3.455
2022-12-30,4,2.4934,1.4551,3.5805
2022-12-31,4,2.3919,1.2049,3.4936
2023-01-01,4,2.3242,1.2043,3.3976
2023-01-02,4,2.3238,1.1055,3.3868
2023-01-03,4,2.402,1.3969,3.4748
2023-01-04,4,2.3732,1.1915,3.4366
2023-01-05,4,2.4441,1.3066,3.5065
2019-01-01,5,2.5118,0.926,3.9731
2019-01-02,5,2.5335,1.0445,4.0706
2019-01-03,5,2.5111,0.9409,4.0802
2019-01-04,5,2.5244,1.0323,4.0192
2019-01-05,5,2.3317,0.6673,3.8634
2019-01-06,5,2.2359,0.627,3.7211
2019-01-07,5,2.0916,0.5097,3.7171
2019-01-08,5,2.2505,0.7079,3.863
2019-01-09,5,2.0719,0.6505,3.6597
2019-01-10,5,2.1456,0.618,3.7132
2019-01-11,5,2.259,0.7365,3.763
2019-02-01,5,4.0175,2.5217,5.5786
2019-02-02,5,3.9631,2.3884,5.5034
2019-02-03,5,3.983,2.4959,5.4387
2019-02-04,5,3.9308,2.3419,5.4581
2019-02-05,5,4.1572,2.7349,5.6342
2019-02-06,5,4.0215,2.5027,5.5203
2019-02-07,5,4.1133,2.5699,5.6695
2019-02-08,5,4.2205,2.619,5.7643
2019-02-09,5,4.1003,2.61,5.6882
2019-03-01,5,3.1326,1.5984,4.6272
2019-03-02,5,2.9764,1.5253,4.475
2019-03-03,5,2.908,1.4226,4.5088
2019-03-04,5,2.7809,1.2761,4.3164
2019-03-05,5,2.9461,1.4868,4.5557
2019-03-06,5,2.7623,1.2327,4.4005
2019-03-07,5,2.8187,1.3009,4.4024
2019-04-01,5,2.0961,0.5082,3.6556
2019-04-02,5,2.3007,0.7219,3.679
2019-04-03,5,2.1625,0.6282,3.7721
2019-04-04,5,2.2717,0.6485,3.8641
2019-04-05,5,2.4164,0.9269,3.9419
2019-04-06,5,2.354,0.7687,3.8656
2019-04-07,5,2.3859,0.8142,4.0084
2019-04-08,5,2.3658,0.9155,3.9489
2019-04-09,5,2.6438,1.1841,4.1765
2019-04-10,5,2.5784,0.9138,4.1795
2019-04-11,5,2.7579,1.2157,4.3846
2019-05-01,5,3.0112,1.4548,4.5397
2019-05-02,5,3.3326,1.7372,4.8875
2019-06-01,5,2.6991,1.2564,4.2709
2019-06-02,5,2.7721,1.174,4.363
2019-06-03,5,2.7679,1.1785,4.4002
2019-06-04,5,3.0371,1.4599,4.5738
2019-06-05,5,2.936,1.4344,4.5422
2019-06-06,5,3.0532,1.5594,4.54
2019-06-07,5,3.1759,1.5452,4.7234
2019-06-08,5,3.0611,1.6617,4.5999
2019-06-09,5,3.0112,1.3449,4.4997
2019-07-01,5,1.8685,0.4095,3.5549
2019-07-02,5,2.1304,0.5866,3.63
2019-07-03,5,2.0457,0.5077,3.7927
2019-07-04,5,2.2014,0.6988,3.7761
2019-07-05,5,2.3824,0.8561,3.9009
2019-07-06,5,2.3433,0.7999,3.7997
2019-07-07,5,2.3831,0.8105,3.8944
2019-07-08,5,2.3532,0.7204,3.9173
2019-07-09,5,2.6025,1.1029,3.9973
2019-07-10,5,2.4881,0.8329,4.1204
2019-07-11,5,2.5982,1.0412,4.1809
2019-07-12,5,2.7192,1.1689,4.1556
2019-07-13,5,2.6078,1.0961,4.2399
2019-08-01,5,1.8831,0.3034,3.4755
2019-08-02,5,2.0726,0.4247,3.6285
2019-08-03,5,2.0648,0.549,3.6449
2019-08-04,5,2.16,0.598,3.62
2019-08-05,5,2.2102,0.5796,3.7321
2019-08-06,5,2.564,1.0187,4.1448
2019-08-07,5,2.5777,1.0374,4.2848
2019-08-08,5,2.8378,1.2995,4.4693
2019-08-09,5,3.1282,1.5814,4.6672
2019-08-10,5,3.2025,1.7297,4.7104
2019-09-01,5,3.03,1.5368,4.5794
2019-09-02,5,2.8031,1.3512,4.3958
2019-09-03,5,2.88,1.3979,4.4099
2019-10-01,5,5.3416,3.7538,6.8862
2019-10-02,5,5.0734,3.5578,6.5824
2019-10-03,5,5.0108,3.5492,6.5809
2019-10-04,5,4.9441,3.3168,6.4796
2019-10-05,5,4.6338,3.0355,6.1248
2019-10-06,5,4.3853,2.7918,5.8886
2019-10-07,5,4.0567,2.5509,5.625
2019-10-08,5,4.0036,2.4079,5.5528
2019-10-09,5,3.5899,2.0713,5.1158
2019-10-10,5,3.4101,1.8871,5.0699
2019-10-11,5,3.2569,1.6435,4.7674
2019-10-12,5,2.8917,1.2953,4.442
2019-10-13,5,2.6212,1.1642,4.0673
2019-10-14,5,2.3035,0.7732,3.7918
2019-10-15,5,2.2933,0.7986,3.8694
2019-10-16,5,1.9532,0.3843,3.4854
2019-10-17,5,1.8755,0.2515,3.4142
2019-10-18,5,1.8499,0.3712,3.3151
2019-10-19,5,1.635,0.1416,3.1555
2019-10-20,5,1.5332,0.0,3.1108
2019-10-21,5,1.3984,0.0,2.9206
2019-10-22,5,1.581,0.0717,3.0743
2019-10-23,5,1.4388,0.0,3.0035
2019-11-01,5,2.6319,1.1004,4.2012
2019-11-02,5,2.5594,0.9985,4.0975
2019-11-03,5,2.6483,1.2538,4.2057
2019-11-04,5,2.6632,1.0737,4.1129
2019-11-05,5,2.9524,1.3725,4.4899
2019-11-06,5,2.8731,1.4024,4.2933
2019-11-07,5,3.0134,1.4506,4.4778
2019-11-08,5,3.1598,1.6981,4.6994
2019-11-09,5,3.0692,1.4923,4.6066
2019-11-10,5,3.0431,1.4934,4.5552
2019-11-11,5,3.1683,1.6158,4.6385
2019-11-12,5,3.1006,1.6305,4.6099
2019-11-13,5,2.8971,1.3071,4.5698
2019-11-14,5,2.9173,1.4519,4.3785
2019-12-01,5,2.2815,0.7759,3.8468
2019-12-02,5,2.2761,0.7571,3.8758
2019-12-03,5,2.5715,0.9498,4.1934
2019-12-04,5,2.5246,0.9329,4.0751
2019-12-05,5,2.7227,1.2113,4.367
2019-12-06,5,2.9509,1.4982,4.4808
2020-01-01,5,2.0843,0.6173,3.6708
2020-01-02,5,2.3415,0.7632,3.9524
2020-01-03,5,2.3419,0.6222,3.9879
2020-01-04,5,2.1346,0.5857,3.8193
2020-01-05,5,2.0228,0.5146,3.5272
2020-01-06,5,1.8613,0.3805,3.4611
2020-02-01,5,3.6043,2.1416,5.0455
2020-02-02,5,3.6362,2.081,5.2454
2020-02-03,5,3.5962,2.0327,5.0931
2020-02-04,5,3.8352,2.249,5.4704
2020-02-05,5,3.712,2.2521,5.2268
2020-02-06,5,3.8162,2.2922,5.3951
2020-03-01,5,2.6883,1.1025,4.1941
2020-03-02,5,2.5566,1.0947,4.045
2020-03-03,5,2.7173,1.1733,4.2257
2020-03-04,5,2.5294,1.0045,4.0788
2020-03-05,5,2.5823,0.9936,4.054
2020-03-06,5,2.6632,1.2386,4.0567
2020-04-01,5,1.8882,0.3753,3.4468
2020-04-02,5,1.9851,0.4364,3.5816
2020-04-03,5,2.1169,0.5577,3.657
2020-04-04,5,2.0412,0.4683,3.5233
2020-04-05,5,2.06,0.4663,3.5584
2020-04-06,5,2.027,0.5511,3.5732
2020-04-07,5,2.293,0.846,3.8696
2020-04-08,5,2.2166,0.7179,3.7493
2020-04-09,5,2.3866,0.7628,3.8454
2020-04-10,5,2.5895,1.172,4.1647
2020-04-11,5,2.581,1.0068,4.085
2020-04-12,5,2.6612,1.04,4.1822
2020-04-13,5,3.3668,1.795,4.9342
2020-04-14,5,2.9925,1.4475,4.5037
2020-05-01,5,2.8642,1.3872,4.3716
2020-05-02,5,2.9824,1.4672,4.4422
2020-05-03,5,2.8026,1.1985,4.2973
2020-05-04,5,2.5512,0.9516,4.0728
2020-05-05,5,2.582,1.0242,4.0899
2020-05-06,5,2.2572,0.7003,3.8455
2020-05-07,5,2.1698,0.5721,3.599
2020-05-08,5,1.9972,0.334,3.5973
2020-05-09,5,1.8396,0.3223,3.471
2020-06-01,5,2.5863,0.9661,4.1989
2020-06-02,5,2.7227,1.1501,4.226
2020-06-03,5,2.6426,1.2047,4.2036
2020-06-04,5,2.782,1.195,4.3208
2020-07-01,5,1.705,0.0003,3.1378
2020-07-02,5,1.855,0.2538,3.4134
2020-07-03,5,2.0337,0.5219,3.6637
2020-07-04,5,1.9955,0.3884,3.508
2020-07-05,5,2.0395,0.3514,3.5783
2020-07-06,5,2.0169,0.4207,3.5536
2020-07-07,5,2.2761,0.7647,3.7774
2020-07-08,5,2.1742,0.6492,3.7994
2020-07-09,5,2.2987,0.7048,3.6634
2020-07-10,5,2.4357,0.8669,3.9964
2020-07-11,5,2.341,0.7668,3.8594
2020-07-12,5,2.3155,0.7331,3.8879
2020-08-01,5,1.6511,0.153,3.2779
2020-08-02,5,1.7206,0.128,3.2966
2020-08-03,5,1.7473,0.3403,3.4187
2020-08-04,5,2.0804,0.4488,3.6685
2020-08-05,5,2.077,0.479,3.653
2020-08-06,5,2.3238,0.8161,3.8937
2020-08-07,5,2.6054,1.1461,4.1125
2020-08-08,5,2.6756,1.1699,4.2387
2020-08-09,5,2.832,1.1857,4.3004
2020-08-10,5,2.9249,1.4248,4.526
2020-08-11,5,3.3011,1.6763,4.8615
2020-09-01,5,2.7124,1.1589,4.2678
2020-09-02,5,2.4314,1.0195,3.9931
2020-09-03,5,2.4057,0.9625,3.888
2020-09-04,5,2.4265,0.8928,4.0943
2020-09-05,5,2.2537,0.6579,3.7728
2020-09-06,5,2.1913,0.7513,3.7914
2020-09-07,5,2.0948,0.6064,3.6922
2020-09-08,5,2.3161,0.7587,3.852
2020-09-09,5,2.2144,0.6115,3.7951
2020-09-10,5,2.379,0.9021,4.0705
2020-10-01,5,4.8332,3.2412,6.352
2020-10-02,5,4.8018,3.2232,6.3617
2020-11-01,5,2.2103,0.6092,3.8643
2020-11-02,5,2.1537,0.5941,3.6264
2020-11-03,5,2.4617,0.9465,3.9819
2020-11-04,5,2.4038,0.9172,3.9457
2020-11-05,5,2.5674,1.0557,4.1642
2020-11-06,5,2.7386,1.1801,4.3637
2020-11-07,5,2.6733,1.1018,4.228
2020-11-08,5,2.6726,1.0481,4.1747
2020-11-09,5,2.5903,0.9589,4.07
2020-11-10,5,2.7778,1.2947,4.3578
2020-11-11,5,2.8275,1.2668,4.302
2020-11-12,5,2.6344,1.1429,4.231
2020-11-13,5,2.6841,1.26,4.2108
2020-11-14,5,2.5041,0.9205,4.1507
2020-12-01,5,2.1262,0.7322,3.7662
2020-12-02,5,2.0685,0.5236,3.6615
2020-12-03,5,2.2588,0.7343,3.862
2020-12-04,5,2.4824,0.9057,3.9373
2020-12-05,5,2.4938,0.9861,3.9977
2020-12-06,5,2.5921,1.0252,4.1735
2020-12-07,5,2.6282,1.1312,4.1742
2020-12-08,5,2.9505,1.3743,4.5954
2020-12-09,5,2.9152,1.3334,4.4069
2020-12-10,5,3.1094,1.6139,4.6353
2020-12-11,5,3.3184,1.8838,4.8089
2021-01-01,5,1.939,0.4877,3.4397
2021-01-02,5,2.0117,0.5263,3.6029
2021-01-03,5,1.8876,0.3563,3.4601
2021-01-04,5,1.7125,0.3016,3.3575
2021-01-05,5,1.8384,0.3241,3.3641
2021-01-06,5,1.6257,0.1587,3.2212
2021-01-07,5,1.6646,0.1471,3.1782
2021-01-08,5,1.7431,0.3205,3.3323
2021-01-09,5,1.6188,0.0,3.2037
2021-01-10,5,1.593,0.0672,3.0793
2021-01-11,5,1.5194,0.0,3.0576
2021-01-12,5,1.7484,0.202,3.2353
2021-01-13,5,1.6383,0.2003,3.2584
2021-01-14,5,1.778,0.1787,3.3341
2021-01-15,5,1.9538,0.487,3.4411
2021-01-16,5,1.9218,0.436,3.4666
2021-01-17,5,1.9823,0.5359,3.6202
2021-01-18,5,1.9877,0.3121,3.5646
2021-02-01,5,3.3625,1.7987,4.92
2021-02-02,5,3.6156,2.2343,5.1898
2021-02-03,5,3.5069,1.988,5.0515
2021-02-04,5,3.6256,1.972,5.1447
2021-02-05,5,3.7595,2.1339,5.2853
2021-02-06,5,3.6656,2.1184,5.246
2021-02-07,5,3.6457,2.0547,5.1089
2021-02-08,5,3.5539,2.022,5.1809
2021-02-09,5,3.7414,2.2788,5.2233
2021-02-10,5,3.5679,2.0093,5.1245
2021-02-11,5,3.6235,2.1029,5.0664
2021-02-12,5,3.6965,2.2068,5.1407
2021-02-13,5,3.5445,1.9321,5.1504
2021-02-14,5,3.47,1.9562,5.0369
2021-02-15,5,3.3276,1.8821,4.7802
2021-02-16,5,3.469,1.9766,5.063
2021-03-01,5,2.5101,0.9542,3.9545
2021-03-02,5,2.6681,1.1376,4.3769
2021-03-03,5,2.4778,0.9713,4.0931
2021-03-04,5,2.5285,1.0445,4.1991
2021-03-05,5,2.6077,1.0765,4.0953
2021-03-06,5,2.4721,0.9144,3.9686
2021-03-07,5,2.423,0.8487,3.9299
2021-03-08,5,2.3137,0.8501,3.9224
2021-03-09,5,2.4946,0.9686,4.078
2021-03-10,5,2.3242,0.7251,3.8219
2021-04-01,5,1.9478,0.4186,3.517
2021-04-02,5,2.0693,0.4581,3.5964
2021-04-03,5,1.9828,0.4899,3.6319
2021-04-04,5,1.9902,0.3697,3.4674
2021-04-05,5,2.6305,1.1058,4.1087
2021-04-06,5,2.2006,0.5723,3.7344
2021-04-07,5,2.1136,0.614,3.7831
2021-04-08,5,2.274,0.7392,3.831
2021-04-09,5,2.4687,0.8412,4.0759
2021-05-01,5,2.8335,1.3627,4.3587
2021-05-02,5,3.0406,1.4572,4.6169
2021-05-03,5,2.803,1.3142,4.4548
2021-05-04,5,2.8441,1.1489,4.2981
2021-05-05,5,2.5258,1.0213,4.0119
2021-06-01,5,2.7244,1.0876,4.3493
2021-06-02,5,2.6661,0.9766,4.0895
2021-06-03,5,2.8294,1.3903,4.342
2021-06-04,5,2.9963,1.4344,4.544
2021-06-05,5,2.9267,1.4715,4.5107
2021-06-06,5,2.9215,1.2599,4.4031
2021-06-07,5,2.8343,1.2664,4.4557
2021-07-01,5,1.8455,0.3003,3.3695
2021-07-02,5,2.0171,0.5036,3.4874
2021-07-03,5,1.9751,0.3088,3.5074
2021-07-04,5,2.0186,0.422,3.5824
2021-07-05,5,1.9988,0.4343,3.5772
2021-08-01,5,1.624,0.0311,3.2633
2021-08-02,5,1.6239,0.1054,3.1687
2021-08-03,5,1.9323,0.2145,3.2994
2021-08-04,5,1.9068,0.4518,3.459
2021-08-05,5,2.1349,0.6404,3.6805
2021-08-06,5,2.4017,0.8081,3.8911
2021-08-07,5,2.4613,0.9128,3.9154
2021-08-08,5,2.6118,0.936,4.1599
2021-08-09,5,2.7036,1.2774,4.3432
2021-08-10,5,3.0836,1.575,4.6431
2021-08-11,5,3.1071,1.6175,4.5973
2021-08-12,5,3.3599,1.8512,5.0587
2021-08-13,5,3.6257,2.0572,5.1715
2021-08-14,5,3.6582,2.0272,5.2701
2021-08-15,5,4.0085,2.4017,5.4589
2021-09-01,5,2.5607,1.0514,4.0767
2021-09-02,5,2.5111,0.9588,4.0177
2021-09-03,5,2.5035,0.9698,4.0761
2021-09-04,5,2.2987,0.7174,3.8278
2021-09-05,5,2.2012,0.6395,3.6957
2021-09-06,5,2.0675,0.556,3.5553
2021-09-07,5,2.2503,0.7665,3.9355
2021-09-08,5,2.1099,0.539,3.6648
2021-09-09,5,2.2362,0.6407,3.7581
2021-09-10,5,2.4166,0.938,3.973
2021-10-01,5,4.8881,3.3902,6.4581
2021-10-02,5,4.6446,3.1639,6.2934
2021-10-03,5,4.4544,2.9662,5.9253
2021-10-04,5,4.1744,2.7537,5.7028
2021-10-05,5,4.159,2.5813,5.724
2021-10-06,5,3.7714,2.2758,5.3798
2021-11-01,5,1.9545,0.4348,3.4014
2021-11-02,5,2.1849,0.518,3.7561
2021-11-03,5,2.1398,0.528,3.6131
2021-11-04,5,2.319,0.8158,3.845
2021-11-05,5,2.508,0.977,4.0711
2021-11-06,5,2.4619,0.866,3.9828
2021-11-07,5,2.4813,1.0393,3.914
2021-11-08,5,2.4192,0.7759,4.0031
2021-12-01,5,1.7121,0.2035,3.3436
2021-12-02,5,1.8842,0.276,3.4478
2021-12-03,5,2.0925,0.5745,3.6503
2021-12-04,5,2.0918,0.5759,3.7082
2021-12-05,5,2.1812,0.5694,3.8388
2021-12-06,5,2.2119,0.6478,3.7751
2021-12-07,5,2.5322,1.0266,4.1498
2022-01-01,5,1.4882,0.0,3.0559
2022-01-02,5,1.6379,0.0,3.1374
2022-01-03,5,1.4442,0.0,2.974
2022-01-04,5,1.5501,0.037,3.0674
2022-01-05,5,1.316,0.0,2.948
2022-01-06,5,1.3325,0.0,2.7591
2022-01-07,5,1.3881,0.0,2.9858
2022-01-08,5,1.2405,0.0,2.6826
2022-01-09,5,1.1916,0.0,2.8095
2022-02-01,5,3.0469,1.5386,4.6772
2022-02-02,5,2.9455,1.2798,4.3556
2022-02-03,5,3.072,1.4844,4.6539
2022-02-04,5,3.2136,1.6224,4.7173
2022-02-05,5,3.1275,1.6728,4.742
2022-03-01,5,2.1024,0.6088,3.5335
2022-03-02,5,1.9026,0.3543,3.4066
2022-03-03,5,1.9485,0.4809,3.5907
2022-03-04,5,2.0231,0.3731,3.51
2022-03-05,5,1.8834,0.337,3.4572
2022-03-06,5,1.8306,0.2256,3.4597
2022-03-07,5,1.7183,0.1336,3.2004
2022-03-08,5,1.8969,0.2902,3.4071
2022-03-09,5,1.7249,0.1245,3.2933
2022-03-10,5,1.7915,0.3665,3.3252
2022-03-11,5,1.8836,0.317,3.4182
2022-03-12,5,1.7577,0.0814,3.3
2022-03-13,5,1.7148,0.0969,3.262
2022-03-14,5,1.6084,0.0299,3.1391
2022-03-15,5,1.7887,0.3189,3.429
2022-03-16,5,1.6147,0.0724,3.039
2022-04-01,5,1.438,0.0,3.0952
2022-04-02,5,1.3392,0.0,2.8755
2022-04-03,5,1.3337,0.0,2.944
2022-04-04,5,1.2761,0.0,2.8398
2022-04-05,5,1.5176,0.0,3.0481
2022-04-06,5,1.4176,0.0,2.9728
2022-04-07,5,1.5655,0.0102,3.1671
2022-04-08,5,1.7486,0.1317,3.3399
2022-04-09,5,1.7232,0.236,3.3132
2022-04-10,5,1.7901,0.3283,3.2976
2022-04-11,5,1.8019,0.1707,3.4379
2022-04-12,5,2.108,0.4649,3.6375
2022-04-13,5,2.0658,0.6135,3.641
2022-04-14,5,2.263,0.681,3.9143
2022-04-15,5,2.4851,0.9006,4.1208
2022-05-01,5,2.2358,0.6659,3.7937
2022-05-02,5,2.3842,0.9013,3.9314
2022-06-01,5,1.9561,0.4322,3.5219
2022-06-02,5,2.1389,0.7287,3.662
2022-06-03,5,2.3313,0.7551,3.8641
2022-06-04,5,2.2889,0.7646,3.911
2022-06-05,5,2.3118,0.7308,3.936
2022-06-06,5,2.4051,0.8989,3.8965
2022-06-07,5,2.4634,0.9726,3.9871
2022-06-08,5,2.302,0.8126,3.8688
2022-07-01,5,1.4733,0.0,3.0625
2022-07-02,5,1.4295,0.0,2.8523
2022-07-03,5,1.4745,0.0,2.9935
2022-07-04,5,1.4595,0.0,3.0161
2022-07-05,5,1.7327,0.1533,3.2953
2022-07-06,5,1.6508,0.0058,3.1833
2022-07-07,5,1.8007,0.2953,3.3303
2022-07-08,5,1.9678,0.373,3.5044
2022-07-09,5,1.9071,0.3435,3.5016
2022-07-10,5,1.9183,0.3419,3.4887
2022-08-01,5,1.1867,0.0,2.6811
2022-08-02,5,1.474,0.0253,3.0563
2022-08-03,5,1.4293,0.0,3.0426
2022-08-04,5,1.6408,0.1222,3.1355
2022-08-05,5,1.8941,0.356,3.4775
2022-08-06,5,1.9439,0.4361,3.5444
2022-08-07,5,2.0889,0.5613,3.6613
2022-08-08,5,2.1796,0.6813,3.7275
2022-08-09,5,2.5634,1.0905,4.0691
2022-09-01,5,2.4872,0.9389,3.9995
2022-09-02,5,2.4629,0.8852,3.9886
2022-09-03,5,2.2369,0.7776,3.8769
2022-09-04,5,2.1143,0.4474,3.7381
2022-09-05,5,1.9524,0.3869,3.437
2022-09-06,5,2.1045,0.5363,3.6084
2022-09-07,5,1.932,0.4289,3.4539
2022-09-08,5,2.0256,0.5068,3.6591
2022-09-09,5,2.1736,0.5595,3.6914
2022-09-10,5,2.1329,0.4221,3.6798
2022-09-11,5,2.2042,0.6797,3.7122
2022-09-12,5,2.2397,0.7334,3.8303
2022-09-13,5,2.5879,0.835,4.2141
2022-09-14,5,2.605,1.0636,4.1991
2022-09-15,5,2.877,1.3726,4.5946
2022-09-16,5,3.1875,1.5681,4.7347
2022-11-01,5,2.1988,0.7143,3.8052
2022-11-02,5,2.083,0.5804,3.6927
2022-11-03,5,2.2821,0.718,3.8426
2022-11-04,5,2.4938,0.9038,4.0757
2022-11-05,5,2.4729,0.9897,4.0712
2022-11-06,5,2.5191,0.9617,4.0397
2022-11-07,5,2.4848,0.9441,4.0442
2022-11-08,5,2.7201,1.1209,4.146
2022-12-01,5,1.9836,0.4144,3.5152
2022-12-02,5,2.1816,0.687,3.6771
2022-12-03,5,2.1735,0.6373,3.6528
2022-12-04,5,2.2585,0.6022,3.7905
2022-12-05,5,2.2882,0.8333,3.7924
2022-12-06,5,2.6109,1.0411,4.2746
2022-12-07,5,2.583,1.0417,4.2158
2022-12-08,5,2.7913,1.2996,4.3104
2022-12-09,5,3.0207,1.5453,4.5396
2022-12-10,5,3.0258,1.4958,4.56
2022-12-11,5,3.1055,1.5817,4.6096
2022-12-12,5,3.1114,1.6202,4.5668
2022-12-13,5,3.3924,1.7632,4.9287
2022-12-14,5,3.306,1.681,4.8688
2022-12-15,5,3.4402,1.9719,5.0174
2022-12-16,5,3.5817,2.0117,5.2065
2022-12-17,5,3.4869,1.9192,4.9776
2022-12-18,5,3.4571,1.9899,4.9912
2022-12-19,5,3.3465,1.8398,4.779
2022-12-20,5,3.5062,1.9402,5.0648
2022-12-21,5,3.2964,1.7775,4.9005
2022-12-22,5,3.308,1.705,4.8043
2022-12-23,5,3.3299,1.7316,4.7432
2022-12-24,5,3.1211,1.584,4.7031
2022-12-25,5,2.9853,1.5151,4.4967
2022-12-26,5,2.7783,1.1963,4.356
2022-12-27,5,2.8535,1.2924,4.37
2022-12-28,5,2.5724,1.0087,4.1206
2022-12-29,5,2.5269,0.9169,4.0505
2022-12-30,5,2.5071,0.9116,4.0271
2022-12-31,5,2.2724,0.7498,3.8157
2023-01-01,5,1.8362,0.3093,3.383
2023-01-02,5,1.9254,0.52,3.4638
2023-01-03,5,2.0218,0.3359,3.5411
2023-01-04,5,1.7766,0.2987,3.34
2023-01-05,5,1.7806,0.2719,3.2817
2023-01-06,5,1.8228,0.3023,3.3435
2019-01-01,6,2.1112,0.4446,3.6792
2019-01-02,6,2.0376,0.5408,3.6507
2019-01-03,6,1.9282,0.3468,3.5092
2019-01-04,6,1.9376,0.3789,3.454
2019-01-05,6,2.0181,0.3611,3.481
2019-01-06,6,1.6961,0.1631,3.2927
2019-02-01,6,2.3407,0.766,3.8228
2019-02-02,6,2.4216,0.8418,3.9896
2019-02-03,6,2.0925,0.5914,3.6682
2019-02-04,6,2.4224,0.7907,3.96
2019-02-05,6,2.3263,0.8659,3.8508
2019-02-06,6,2.3523,0.8232,3.847
2019-02-07,6,2.2849,0.6846,3.8729
2019-02-08,6,2.3305,0.741,3.9427
2019-02-09,6,2.4416,0.9116,4.0215
2019-03-01,6,2.4934,0.8245,4.032
2019-03-02,6,2.5272,0.9505,4.0129
2019-03-03,6,2.1416,0.5844,3.7335
2019-03-04,6,2.4058,0.8664,3.9648
2019-03-05,6,2.2351,0.5896,3.7538
2019-03-06,6,2.1785,0.5409,3.7172
2019-03-07,6,2.0213,0.4842,3.5805
2019-04-01,6,1.8785,0.3128,3.4263
2019-04-02,6,1.8504,0.303,3.588
2019-04-03,6,1.9413,0.3255,3.513
2019-04-04,6,1.9349,0.2609,3.486
2019-04-05,6,2.0373,0.5492,3.5013
2019-04-06,6,2.2005,0.6091,3.7592
2019-04-07,6,1.951,0.4814,3.5098
2019-04-08,6,2.3566,0.8498,3.91
2019-04-09,6,2.3313,0.7776,3.8845
2019-04-10,6,2.4228,0.9383,4.0325
2019-04-11,6,2.4148,0.8309,4.0335
2019-05-01,6,2.4868,0.8797,4.0475
2019-05-02,6,3.0063,1.5647,4.5503
2019-05-03,6,3.0033,1.3705,4.6175
2019-05-04,6,3.0554,1.3942,4.6081
2019-05-05,6,2.6901,1.1074,4.2867
2019-05-06,6,2.9765,1.5442,4.488
2019-05-07,6,2.8299,1.2822,4.4503
2019-05-08,6,3.224,1.741,4.792
2019-05-09,6,2.6698,1.1505,4.2286
2019-05-10,6,2.6494,1.0129,4.1093
2019-05-11,6,2.6918,1.1236,4.2325
2019-05-12,6,2.325,0.7337,3.8251
2019-06-01,6,3.1541,1.5089,4.643
2019-06-02,6,2.8813,1.2324,4.2959
2019-06-03,6,3.2545,1.672,4.8078
2019-06-04,6,3.1866,1.5941,4.6667
2019-06-05,6,3.224,1.7531,4.8357
2019-07-01,6,1.7538,0.1486,3.342
2019-07-02,6,1.7352,0.1685,3.3376
2019-07-03,6,1.8508,0.1466,3.5385
2019-08-01,6,3.0529,1.3891,4.6589
2019-08-02,6,3.0009,1.4013,4.626
2019-08-03,6,3.0135,1.4274,4.4906
2019-08-04,6,2.6186,1.0411,4.2301
2019-08-05,6,2.8858,1.3429,4.4524
2019-08-06,6,2.7303,1.031,4.2429
2019-08-07,6,2.7006,1.1734,4.1969
2019-08-08,6,2.581,1.0446,4.1458
2019-08-09,6,2.5783,1.0004,4.219
2019-08-10,6,2.6446,1.0847,4.2537
2019-08-11,6,2.3063,0.6981,3.8832
2019-08-12,6,2.6309,1.2094,4.0522
2019-08-13,6,2.5319,0.8899,4.0058
2019-08-14,6,2.5559,1.0461,4.2122
2019-08-15,6,1.4113,0.0,3.0367
2019-09-01,6,2.3156,0.7848,3.8324
2019-10-01,6,3.7899,2.2849,5.3771
2019-10-02,6,3.7032,2.0982,5.0917
2019-11-01,6,2.7507,1.1953,4.3745
2019-11-02,6,2.3053,0.7234,3.8662
2019-11-03,6,2.0609,0.6137,3.6705
2019-11-04,6,2.4613,0.8988,3.9519
2019-11-05,6,2.4192,0.9445,3.9836
2019-11-06,6,2.4813,0.86,4.0579
2019-12-01,6,1.7731,0.1739,3.4337
2019-12-02,6,2.1931,0.6582,3.7495
2019-12-03,6,2.1901,0.5216,3.6517
2019-12-04,6,2.3097,0.7425,3.8215
2019-12-05,6,2.3338,0.7557,3.8977
2019-12-06,6,2.4667,0.8781,3.9909
2019-12-07,6,2.6585,1.0373,4.3117
2019-12-08,6,2.4336,0.8438,4.0517
2019-12-09,6,2.858,1.3041,4.393
2019-12-10,6,2.844,1.2635,4.4707
2019-12-11,6,2.9375,1.3053,4.5081
2020-01-01,6,2.1113,0.5068,3.7159
2020-01-02,6,1.9367,0.2334,3.3555
2020-01-03,6,1.9328,0.3288,3.6682
2020-01-04,6,2.0,0.4002,3.5171
2020-01-05,6,1.6651,0.0605,3.2059
2020-01-06,6,1.9961,0.4094,3.5153
2020-01-07,6,1.9067,0.2817,3.4571
2020-01-08,6,1.944,0.3757,3.4699
2020-01-09,6,1.891,0.3472,3.4422
2020-01-10,6,1.9533,0.2579,3.6321
2020-01-11,6,2.082,0.417,3.6116
2020-02-01,6,2.4018,0.8697,3.8244
2020-02-02,6,2.0692,0.6089,3.6654
2020-02-03,6,2.3948,0.84,3.9298
2020-02-04,6,2.2935,0.6812,3.8187
2020-03-01,6,2.1875,0.5053,3.8078
2020-03-02,6,2.4589,0.8945,4.0365
2020-04-01,6,1.8211,0.1232,3.3814
2020-04-02,6,1.8132,0.3621,3.3954
2020-04-03,6,1.9146,0.5134,3.4359
2020-04-04,6,2.0774,0.5298,3.5337
2020-04-05,6,1.8278,0.2416,3.3567
2020-04-06,6,2.2337,0.7404,3.7806
2020-04-07,6,2.2091,0.5767,3.7428
2020-04-08,6,2.3016,0.6858,3.8812
2020-04-09,6,2.2948,0.899,4.0355
2020-05-01,6,2.3869,0.81,4.013
2020-05-02,6,3.0703,1.4259,4.5837
2020-05-03,6,2.711,1.1205,4.2276
2020-05-04,6,3.0022,1.3717,4.5617
2020-05-05,6,2.8591,1.3293,4.4147
2020-05-06,6,2.8306,1.3166,4.3504
2020-05-07,6,2.7018,1.1418,4.2834
2020-05-08,6,3.1051,1.5353,4.6416
2020-05-09,6,2.7202,1.1183,4.2055
2020-05-10,6,2.3491,0.834,4.0018
2020-05-11,6,2.6367,1.038,4.1852
2020-05-12,6,2.4984,0.9255,4.1709
2020-05-13,6,2.4834,0.8915,4.0581
2020-05-14,6,2.3766,0.8722,3.9734
2020-05-15,6,2.3857,0.8472,4.0254
2020-05-16,6,2.4639,0.8461,4.069
2020-05-17,6,2.1385,0.5242,3.6642
2020-06-01,6,2.1356,0.5995,3.674
2020-06-02,6,3.1161,1.4625,4.6014
2020-06-03,6,3.1685,1.5577,4.7866
2020-06-04,6,3.1106,1.5432,4.7093
2020-06-05,6,3.1478,1.5654,4.6727
2020-06-06,6,3.2318,1.6416,4.8362
2020-06-07,6,2.8888,1.3929,4.4453
2020-06-08,6,3.1868,1.6541,4.6787
2020-06-09,6,3.0402,1.4187,4.5868
2020-06-10,6,2.9975,1.4738,4.5581
2020-06-11,6,2.8436,1.308,4.3566
2020-06-12,6,2.7862,1.1727,4.3808
2020-06-13,6,2.7794,1.3186,4.2715
2020-06-14,6,2.3517,0.8997,4.0125
2020-06-15,6,2.5734,1.0376,4.0521
2020-06-16,6,2.3612,0.7911,3.9402
2020-07-01,6,1.7021,0.1865,3.2008
2020-07-02,6,1.7152,0.1359,3.3105
2020-07-03,6,1.8518,0.4057,3.4089
2020-07-04,6,2.0627,0.4625,3.6689
2020-07-05,6,1.8723,0.3173,3.4564
2020-08-01,6,3.0794,1.5605,4.7037
2020-08-02,6,2.678,1.3106,4.3295
2020-08-03,6,2.9371,1.4024,4.5329
2020-08-04,6,2.7723,1.1088,4.3151
2020-08-05,6,2.7323,1.1511,4.417
2020-08-06,6,2.602,0.9941,4.1847
2020-08-07,6,2.5883,1.1006,4.2319
2020-08-08,6,2.6439,1.0103,4.2052
2020-08-09,6,2.2954,0.6433,3.9089
2020-08-10,6,2.6105,1.1235,4.3399
2020-08-11,6,2.5031,0.9856,4.1114
2020-08-12,6,2.5199,1.0125,4.0884
2020-08-13,6,2.4442,0.8898,4.0166
2020-08-14,6,2.4813,1.0072,4.0861
2020-08-15,6,1.508,0.0274,2.969
2020-08-16,6,2.2737,0.6669,3.9341
2020-08-17,6,2.6216,1.0284,4.2352
2020-08-18,6,2.5393,1.032,4.033
2020-08-19,6,2.5738,1.0104,4.1152
2020-08-20,6,2.5082,0.8206,4.0354
2020-09-01,6,2.522,0.9044,4.1397
2020-09-02,6,2.5505,0.8329,4.0343
2020-09-03,6,2.4869,0.9081,4.0281
2020-09-04,6,2.5387,1.0407,4.0527
2020-09-05,6,2.6594,1.0739,4.1993
2020-10-01,6,3.6212,2.1775,5.2515
2020-10-02,6,3.5317,1.8287,5.1604
2020-10-03,6,3.4878,1.9278,5.0083
2020-10-04,6,3.0185,1.5109,4.5816
2020-10-05,6,3.1943,1.6827,4.7056
2020-10-06,6,2.9322,1.3147,4.4804
2020-10-07,6,2.783,1.3028,4.491
2020-10-08,6,2.5337,0.8975,4.0799
2020-10-09,6,2.394,0.7478,3.9032
2020-11-01,6,2.5522,1.0131,4.1475
2020-11-02,6,2.343,0.7405,3.8355
2020-11-03,6,2.3159,0.7397,4.0043
2020-11-04,6,2.3944,0.685,3.9568
2020-12-01,6,2.0407,0.4525,3.5586
2020-12-02,6,2.1535,0.7119,3.7589
2020-12-03,6,2.1735,0.533,3.8166
2020-12-04,6,2.3052,0.742,3.8311
2020-12-05,6,2.4984,0.9117,4.0434
2020-12-06,6,2.2777,0.6875,3.8763
2020-12-07,6,2.7091,1.0963,4.3952
2020-12-08,6,2.7046,1.1434,4.2128
2020-12-09,6,2.8099,1.2469,4.3767
2020-12-10,6,2.8073,1.32,4.4141
2021-01-01,6,1.9872,0.4118,3.5984
2021-01-02,6,1.9886,0.4308,3.4122
2021-01-03,6,1.6401,0.0784,3.137
2021-01-04,6,1.9576,0.4417,3.5534
2021-01-05,6,1.8554,0.1884,3.3844
2021-01-06,6,1.8807,0.2948,3.451
2021-01-07,6,1.817,0.2516,3.4475
2021-01-08,6,1.8699,0.3075,3.4031
2021-01-09,6,1.9907,0.4473,3.525
2021-02-01,6,2.346,0.8038,3.8718
2021-02-02,6,2.2399,0.7102,3.7607
2021-02-03,6,2.2546,0.613,3.7454
2021-02-04,6,2.1746,0.5464,3.7266
2021-02-05,6,2.2073,0.7005,3.7574
2021-02-06,6,2.3053,0.7461,3.9137
2021-02-07,6,1.9956,0.3407,3.4477
2021-02-08,6,2.3463,0.8613,3.8275
2021-02-09,6,2.2715,0.7297,3.7366
2021-02-10,6,2.3186,0.8425,3.868
2021-03-01,6,2.459,0.8533,3.9513
2021-03-02,6,2.3011,0.6959,3.8283
2021-03-03,6,2.2545,0.6724,3.8975
2021-03-04,6,2.1044,0.4921,3.667
2021-03-05,6,2.0583,0.5047,3.6647
2021-03-06,6,2.07,0.4735,3.638
2021-03-07,6,1.6674,0.0,3.2092
2021-03-08,6,1.9201,0.386,3.5303
2021-03-09,6,1.7438,0.2241,3.3337
2021-03-10,6,1.6874,0.0401,3.2542
2021-03-11,6,1.5363,0.0,3.1777
2021-03-12,6,1.4982,0.0,3.0427
2021-04-01,6,1.6276,0.0121,3.3041
2021-04-02,6,1.7267,0.2787,3.3388
2021-04-03,6,1.8877,0.3324,3.5025
2021-04-04,6,1.6368,0.0506,3.2747
2021-04-05,6,1.1818,0.0,2.6973
2021-04-06,6,2.0167,0.4929,3.5895
2021-04-07,6,2.109,0.5071,3.651
2021-04-08,6,2.1024,0.5344,3.6512
2021-04-09,6,2.2032,0.6556,3.8795
2021-04-10,6,2.3636,0.7647,3.9755
2021-04-11,6,2.1102,0.5626,3.5567
2021-04-12,6,2.5108,1.0069,4.1278
2021-04-13,6,2.4796,0.9087,3.9196
2021-04-14,6,2.564,0.9644,4.1563
2021-04-15,6,2.5477,1.0718,4.1449
2021-05-01,6,2.3646,0.7557,3.979
2021-05-02,6,2.6361,1.0313,4.1971
2021-05-03,6,2.9327,1.4294,4.464
2021-05-04,6,2.7941,1.128,4.3459
2021-05-05,6,2.7687,1.1194,4.2488
2021-05-06,6,2.6416,1.1491,4.1548
2021-05-07,6,2.6205,1.0053,4.2628
2021-05-08,6,3.0837,1.5436,4.5899
2021-05-09,6,2.285,0.6486,3.6695
2021-05-10,6,2.568,1.1179,4.2166
2021-05-11,6,2.4236,0.9592,4.0446
2021-05-12,6,2.4009,0.8262,3.9328
2021-06-01,6,2.9194,1.316,4.5256
2021-06-02,6,2.984,1.4729,4.6037
2021-06-03,6,2.94,1.3325,4.5025
2021-06-04,6,2.9925,1.4145,4.6023
2021-06-05,6,3.0929,1.5764,4.6736
2021-06-06,6,2.7668,1.3034,4.4496
2021-06-07,6,3.0821,1.4815,4.5978
2021-07-01,6,1.4401,0.0,2.878
2021-07-02,6,1.5564,0.0,3.1155
2021-07-03,6,1.7492,0.2175,3.2715
2021-07-04,6,1.5433,0.0102,3.0716
2021-07-05,6,2.005,0.2995,3.5207
2021-07-06,6,2.0459,0.4807,3.4792
2021-07-07,6,2.2115,0.7319,3.8397
2021-07-08,6,2.283,0.6247,3.878
2021-07-09,6,2.4643,0.9973,4.1101
2021-07-10,6,2.705,1.0419,4.4079
2021-07-11,6,2.529,0.9848,4.2076
2021-07-12,6,3.002,1.387,4.5081
2021-07-13,6,3.0358,1.5475,4.5587
2021-07-14,6,3.8474,2.355,5.3836
2021-07-15,6,3.2047,1.5484,4.7096
2021-07-16,6,3.3269,1.6453,4.9707
2021-08-01,6,2.5915,0.9416,4.0888
2021-08-02,6,2.8438,1.2995,4.2312
2021-08-03,6,2.6705,1.0323,4.1488
2021-08-04,6,2.6207,1.1774,4.1563
2021-08-05,6,2.4796,0.8818,3.9952
2021-08-06,6,2.4546,0.9554,3.9298
2021-08-07,6,2.4986,0.9363,4.0289
2021-08-08,6,2.1385,0.5069,3.7708
2021-08-09,6,2.4425,0.8459,3.9988
2021-08-10,6,2.3247,0.6408,3.8591
2021-09-01,6,2.3328,0.7854,3.8924
2021-09-02,6,2.2607,0.7586,3.8566
2021-09-03,6,2.3027,0.8913,3.8916
2021-09-04,6,2.4125,0.8944,3.9433
2021-09-05,6,2.1175,0.5108,3.6049
2021-09-06,6,2.4869,0.8537,4.0157
2021-09-07,6,2.4353,0.8874,3.9586
2021-09-08,6,2.5109,0.957,4.0714
2021-09-09,6,2.4977,0.8035,4.0095
2021-09-10,6,2.6018,1.1292,4.1222
2021-09-11,6,2.7752,1.1771,4.343
2021-09-12,6,2.5435,0.9535,4.0252
2021-09-13,6,2.9737,1.4082,4.4518
2021-09-14,6,2.9786,1.4257,4.6456
2021-09-15,6,3.1041,1.6677,4.7824
2021-09-16,6,3.1323,1.6178,4.7331
2021-10-01,6,3.4485,1.9045,4.9457
2021-10-02,6,3.4228,1.7541,4.9622
2021-11-01,6,2.6118,1.0448,4.1795
2021-11-02,6,1.9739,0.3418,3.5175
2021-11-03,6,2.0663,0.4751,3.7421
2021-11-04,6,2.0487,0.4595,3.6124
2021-11-05,6,2.1265,0.6377,3.759
2021-11-06,6,2.2511,0.5997,3.7224
2021-11-07,6,1.9487,0.2538,3.4294
2021-11-08,6,2.2875,0.7534,3.7837
2021-11-09,6,2.1821,0.7658,3.7507
2021-11-10,6,2.181,0.5701,3.6798
2021-11-11,6,1.1904,0.0,2.8269
2021-11-12,6,2.0554,0.3624,3.6268
2021-11-13,6,2.0931,0.4864,3.7117
2021-11-14,6,1.7112,0.1547,3.3134
2021-11-15,6,1.9802,0.4163,3.5465
2021-11-16,6,1.8166,0.3409,3.3064
2021-11-17,6,1.7706,0.2619,3.3251
2021-11-18,6,1.6287,0.039,3.1789
2021-11-19,6,1.5996,0.0654,3.0903
2021-11-20,6,1.638,0.0546,3.1703
2021-11-21,6,1.2724,0.0,2.856
2021-11-22,6,1.5729,0.0778,3.2005
2021-11-23,6,1.455,0.0,3.0791
2021-12-01,6,1.7657,0.2445,3.3727
2021-12-02,6,1.7775,0.315,3.2874
2021-12-03,6,1.9037,0.4519,3.546
2021-12-04,6,2.0946,0.479,3.6033
2021-12-05,6,1.8744,0.2114,3.496
2021-12-06,6,2.3093,0.7191,3.8358
2021-12-07,6,2.311,0.6666,3.8107
2021-12-08,6,2.4252,0.8876,4.1029
2021-12-09,6,2.4338,0.8303,4.0651
2021-12-10,6,2.5414,0.8938,4.1693
2021-12-11,6,2.6988,1.1086,4.3147
2021-12-12,6,2.4313,0.8337,3.9468
2021-12-13,6,2.806,1.2459,4.3392
2021-12-14,6,2.7363,1.1813,4.2272
2021-12-15,6,2.7697,1.2189,4.3649
2021-12-16,6,2.6902,1.2375,4.2352
2021-12-17,6,2.7045,1.1695,4.2283
2021-12-18,6,2.7658,1.1854,4.2263
2021-12-19,6,2.4017,0.8717,3.9383
2021-12-20,6,2.6817,1.1015,4.3018
2021-12-21,6,2.5215,0.9918,4.0533
2021-12-22,6,2.4706,0.9456,4.1135
2021-12-23,6,2.3149,0.8253,3.9495
2021-12-24,6,2.263,0.5958,3.8513
2022-01-01,6,1.8018,0.2114,3.337
2022-01-02,6,1.3874,0.0,2.9175
2022-01-03,6,1.6912,0.1387,3.1727
2022-01-04,6,1.5754,0.0,3.0424
2022-03-01,6,2.0808,0.4844,3.5805
2022-03-02,6,2.042,0.4674,3.712
2022-03-03,6,1.8983,0.2934,3.4272
2022-03-04,6,1.8573,0.2555,3.2949
2022-03-05,6,1.8726,0.3946,3.4461
2022-03-06,6,1.472,0.0,3.0482
2022-03-07,6,1.7251,0.1401,3.3141
2022-03-08,6,1.5475,0.0,3.0854
2022-03-09,6,1.4882,0.0,2.9699
2022-03-10,6,1.3326,0.0,2.8674
2022-03-11,6,1.2886,0.0,2.8434
2022-03-12,6,1.3097,0.0,3.016
2022-03-13,6,0.9237,0.0,2.492
2022-03-14,6,1.1997,0.0,2.7094
2022-04-01,6,1.345,0.0,2.9035
2022-04-02,6,1.5042,0.0,3.0103
2022-04-03,6,1.2521,0.0,2.7386
2022-04-04,6,1.6565,0.0188,3.2209
2022-04-05,6,1.6311,0.0241,3.1348
2022-04-06,6,1.7235,0.1879,3.2931
2022-04-07,6,1.7174,0.1855,3.3042
2022-04-08,6,1.8189,0.2505,3.3266
2022-04-09,6,1.9805,0.5856,3.5513
2022-04-10,6,1.7284,0.0416,3.1727
2022-04-11,6,2.1307,0.5315,3.6075
2022-04-12,6,2.1014,0.6078,3.6171
2022-05-01,6,1.7535,0.1398,3.3592
2022-05-02,6,2.6819,1.1188,4.3255
2022-05-03,6,2.5497,0.9625,4.1648
2022-05-04,6,2.5297,0.9935,4.1565
2022-05-05,6,2.4068,0.8574,3.9737
2022-05-06,6,2.3885,0.7941,3.9885
2022-05-07,6,2.4284,0.9817,3.9478
2022-05-08,6,2.4789,0.9674,4.138
2022-05-09,6,2.3354,0.6828,3.9661
2022-05-10,6,2.1876,0.5823,3.7214
2022-05-11,6,2.1599,0.5205,3.7684
2022-05-12,6,2.0376,0.4973,3.6038
2022-05-13,6,2.0284,0.4898,3.6472
2022-05-14,6,2.0861,0.5944,3.5645
2022-05-15,6,1.7382,0.2392,3.1494
2022-05-16,6,2.054,0.4767,3.6223
2022-06-01,6,2.6317,1.1378,4.1506
2022-06-02,6,2.6001,1.0565,4.2665
2022-06-03,6,2.6669,1.1559,4.191
2022-06-04,6,2.783,1.0871,4.3398
2022-06-05,6,2.4738,0.8284,4.0551
2022-06-06,6,1.7716,0.151,3.3554
2022-06-07,6,2.6952,1.0757,4.3272
2022-06-08,6,2.6869,1.1871,4.3531
2022-06-09,6,2.5657,0.9877,4.1781
2022-06-10,6,2.5386,0.983,4.0964
2022-06-11,6,2.5589,0.9628,3.9688
2022-06-12,6,2.1541,0.6076,3.6596
2022-06-13,6,2.394,0.917,4.0812
2022-06-14,6,2.1945,0.6616,3.7648
2022-06-15,6,2.1055,0.5956,3.7803
2022-06-16,6,1.913,0.3426,3.4199
2022-06-17,6,1.8262,0.2715,3.3118
2022-06-18,6,1.8,0.2142,3.4327
2022-06-19,6,1.3635,0.0,2.9307
2022-07-01,6,1.1556,0.0,2.7556
2022-07-02,6,1.3282,0.0,2.964
2022-07-03,6,1.1044,0.0,2.6537
2022-07-04,6,1.5506,0.0,3.0728
2022-07-05,6,1.5791,0.0,3.0029
2022-07-06,6,1.7354,0.1905,3.4024
2022-07-07,6,1.801,0.1239,3.2821
2022-08-01,6,2.6499,1.171,4.0977
2022-08-02,6,2.4709,0.8827,4.0872
2022-08-03,6,2.4138,0.9762,3.9901
2022-08-04,6,2.2639,0.6663,3.738
2022-08-05,6,2.229,0.7648,3.7039
2022-08-06,6,2.2625,0.6531,3.8552
2022-08-07,6,1.8915,0.3518,3.4651
2022-08-08,6,2.1847,0.568,3.6853
2022-08-09,6,2.0563,0.353,3.665
2022-08-10,6,2.0539,0.4176,3.5899
2022-08-11,6,1.9609,0.282,3.596
2022-08-12,6,1.9834,0.417,3.5229
2022-08-13,6,2.0727,0.5134,3.643
2022-09-01,6,1.9584,0.479,3.5932
2022-09-02,6,1.9931,0.4603,3.5261
2022-09-03,6,2.0941,0.4748,3.5979
2022-09-04,6,1.7891,0.2666,3.4601
2022-09-05,6,2.1475,0.6971,3.7096
2022-09-06,6,2.0843,0.5633,3.6988
2022-09-07,6,2.1478,0.5774,3.6488
2022-09-08,6,2.1225,0.4736,3.7042
2022-09-09,6,2.2149,0.6353,3.7844
2022-09-10,6,2.3774,0.7907,3.9748
2022-09-11,6,2.1359,0.4722,3.6548
2022-09-12,6,2.5578,1.0418,4.2437
2022-11-01,6,2.1974,0.6889,3.7821
2022-11-02,6,1.6791,0.1855,3.1306
2022-11-03,6,1.6756,0.006,3.1074
2022-11-04,6,1.7692,0.1724,3.2624
2022-11-05,6,1.9108,0.2609,3.5067
2022-11-06,6,1.626,0.0239,3.1494
2022-11-07,6,1.9827,0.3685,3.5253
2022-11-08,6,1.8947,0.3852,3.6143
2022-12-01,6,1.3707,0.0,3.0451
2022-12-02,6,1.4888,0.0,3.1304
2022-12-03,6,1.6741,0.0522,3.2874
2022-12-04,6,1.4514,0.0,3.0415
2022-12-05,6,1.8865,0.3047,3.483
2022-12-06,6,1.8913,0.2172,3.3928
2022-12-07,6,2.0115,0.4162,3.5796
2022-12-08,6,2.0287,0.4896,3.5023
2022-12-09,6,2.1473,0.6099,3.6393
2022-12-10,6,2.3179,0.7251,3.7901
2022-12-11,6,2.0653,0.3479,3.6189
2022-12-12,6,2.4564,0.9902,4.2447
2022-12-13,6,2.4042,0.8502,3.9474
2022-12-14,6,2.4556,0.8647,4.0455
2022-12-15,6,2.3941,0.6866,3.9145
2022-12-16,6,2.4263,0.8365,4.0236
2022-12-17,6,2.5046,1.0098,4.0145
2022-12-18,6,2.1565,0.6211,3.8004
2022-12-19,6,2.4509,0.8665,4.0051
2022-12-20,6,2.3033,0.8357,4.0036
2022-12-21,6,2.2629,0.6547,3.808
2022-12-22,6,2.1154,0.452,3.8142
2022-12-23,6,2.0692,0.4594,3.6313
2022-12-24,6,2.0787,0.4758,3.5777
2022-12-25,6,1.6726,0.1856,3.2727
2022-12-26,6,1.9212,0.3303,3.4223
2022-12-27,6,1.7406,0.1864,3.2527
2022-12-28,6,1.6807,0.1875,3.2396
2022-12-29,6,1.5272,0.0,3.1305
2022-12-30,6,1.4882,0.0,3.0964
2022-12-31,6,1.5176,0.0,3.0023
2023-01-01,6,1.1955,0.0,2.7831
2023-01-02,6,1.434,0.0,2.9989
2023-01-03,6,1.3048,0.0,2.8681
2023-01-04,6,1.3038,0.0,2.8994
2023-01-05,6,1.215,0.0,2.7453
2019-01-01,7,2.1537,0.8293,3.5296
2019-01-02,7,2.7789,1.4964,4.1298
2019-01-03,7,2.7356,1.4651,4.0224
2019-01-04,7,2.6149,1.3376,3.9895
2019-02-01,7,3.0238,1.8218,4.3622
2019-02-02,7,2.8623,1.5486,4.1626
2019-02-03,7,2.7282,1.3636,4.0474
2019-02-04,7,2.5993,1.272,3.8987
2019-02-05,7,2.5805,1.2479,3.9287
2019-02-06,7,2.3873,1.0754,3.7942
2019-03-01,7,1.8679,0.4314,3.2408
2019-03-02,7,1.8273,0.493,3.0747
2019-03-03,7,1.8261,0.4592,3.0714
2019-03-04,7,1.8389,0.5345,3.2411
2019-03-05,7,1.9678,0.6803,3.3405
2019-03-06,7,1.9248,0.5684,3.2914
2019-03-07,7,2.0998,0.6901,3.34
2019-03-08,7,2.1798,0.7851,3.5242
2019-03-09,7,2.1043,0.8068,3.3921
2019-04-01,7,2.593,1.1884,3.9713
2019-04-02,7,2.6982,1.4176,3.9401
2019-04-03,7,2.6267,1.2764,3.9591
2019-04-04,7,2.7669,1.5048,4.103
2019-04-05,7,2.8045,1.5492,4.1365
2019-04-06,7,2.678,1.3569,3.9792
2019-04-07,7,2.5784,1.2391,3.9274
2019-04-08,7,2.4812,1.1169,3.775
2019-04-09,7,2.4894,1.2393,3.7765
2019-04-10,7,2.3163,0.9223,3.6651
2019-04-11,7,2.3526,1.0228,3.6101
2019-05-01,7,2.3013,1.0352,3.6445
2019-05-02,7,1.1122,0.0,2.5224
2019-05-03,7,1.3242,0.0172,2.6515
2019-05-04,7,1.4064,0.0786,2.6865
2019-06-01,7,3.0596,1.7348,4.2653
2019-06-02,7,2.8599,1.518,4.2089
2019-06-03,7,2.6847,1.367,4.1072
2019-07-01,7,2.3863,1.0615,3.8072
2019-07-02,7,2.4207,1.0967,3.7153
2019-07-03,7,2.2812,0.8789,3.5381
2019-07-04,7,2.359,1.0729,3.6176
2019-07-05,7,2.3425,0.9113,3.5728
2019-07-06,7,2.1726,0.8323,3.4257
2019-08-01,7,1.8116,0.4669,3.0922
2019-08-02,7,1.892,0.5451,3.1385
2019-08-03,7,1.8224,0.3986,3.0367
2019-08-04,7,1.7949,0.4633,3.1316
2019-08-05,7,1.7857,0.5527,3.2092
2019-08-06,7,1.898,0.5641,3.1964
2019-08-07,7,1.8449,0.5895,3.1855
2019-08-08,7,2.0171,0.7326,3.3007
2019-08-09,7,2.1021,0.8113,3.4921
2019-08-10,7,2.0397,0.757,3.3795
2019-08-11,7,2.0224,0.703,3.3381
2019-08-12,7,2.0263,0.6326,3.3137
2019-08-13,7,2.1546,0.8956,3.5614
2019-08-14,7,2.1204,0.7964,3.4344
2019-08-15,7,2.0072,0.7104,3.2521
2019-08-16,7,2.4216,1.1753,3.7635
2019-08-17,7,2.3832,1.0485,3.6475
2019-08-18,7,2.3901,1.0964,3.6525
2019-08-19,7,2.4176,1.1045,3.7263
2019-09-01,7,3.1318,1.8741,4.5605
2019-09-02,7,3.1007,1.7656,4.3443
2019-09-03,7,3.1811,1.8681,4.5626
2019-09-04,7,3.0862,1.7133,4.3934
2019-09-05,7,3.206,1.8386,4.6533
2019-09-06,7,3.2283,1.9573,4.5598
2019-09-07,7,3.093,1.902,4.4729
2019-09-08,7,2.9928,1.6326,4.3412
2019-09-09,7,2.9045,1.594,4.2628
2019-09-10,7,2.932,1.5691,4.2983
2019-09-11,7,2.7892,1.5253,4.0797
2019-09-12,7,2.8674,1.5646,4.2156
2019-09-13,7,2.8548,1.5147,4.0841
2019-09-14,7,2.692,1.405,4.0605
2019-09-15,7,2.5719,1.2261,3.924
2019-09-16,7,2.4716,1.1117,3.792
2019-09-17,7,2.4947,1.151,3.8473
2019-09-18,7,2.3549,1.053,3.6547
2019-09-19,7,2.4428,1.085,3.767
2019-09-20,7,2.4461,1.0906,3.6879
2019-09-21,7,2.3044,1.0477,3.6072
2019-09-22,7,2.2096,0.837,3.6052
2019-09-23,7,2.1378,0.7555,3.4628
2019-09-24,7,2.1913,0.8333,3.5586
2019-10-01,7,2.0654,0.825,3.4164
2019-10-02,7,1.9673,0.7057,3.2748
2019-10-03,7,2.0915,0.8246,3.3639
2019-10-04,7,2.1248,0.8133,3.4669
2019-10-05,7,2.006,0.7082,3.386
2019-11-01,7,2.5198,1.1428,3.939
2019-11-02,7,2.2572,0.9228,3.5579
2019-11-03,7,2.2628,1.0738,3.623
2019-11-04,7,2.2805,0.9927,3.5617
2019-11-05,7,2.4114,1.1689,3.8091
2019-11-06,7,2.3667,0.9592,3.6732
2019-11-07,7,2.5352,1.1565,3.9066
2019-11-08,7,2.6028,1.1904,3.9087
2019-11-09,7,2.5082,1.1621,3.7291
2019-11-10,7,2.4428,1.1613,3.8628
2019-12-01,7,1.7332,0.4551,3.144
2019-12-02,7,1.8101,0.4463,3.0941
2019-12-03,7,2.0286,0.6275,3.3801
2019-12-04,7,2.1,0.8197,3.4113
2019-12-05,7,2.4122,1.1627,3.8552
2019-12-06,7,2.6497,1.3375,3.9651
2019-12-07,7,2.7489,1.36,4.0607
2019-12-08,7,2.8983,1.569,4.1764
2019-12-09,7,3.0701,1.7027,4.4309
2020-01-01,7,2.1976,0.7801,3.595
2020-01-02,7,3.0447,1.8167,4.4025
2020-01-03,7,2.9096,1.6299,4.3184
2020-01-04,7,2.6356,1.4218,3.9577
2020-01-05,7,2.4181,1.0717,3.7462
2020-01-06,7,2.2357,0.876,3.4996
2020-02-01,7,3.0062,1.5497,4.2797
2020-02-02,7,2.8905,1.5479,4.2395
2020-02-03,7,2.7777,1.4715,4.0939
2020-02-04,7,2.7723,1.5018,4.1408
2020-02-05,7,2.5895,1.291,3.8373
2020-02-06,7,2.6215,1.2986,3.9501
2020-02-07,7,2.5581,1.2056,3.8997
2020-02-08,7,2.3413,1.0664,3.7142
2020-02-09,7,2.1657,0.8179,3.4214
2020-03-01,7,1.8141,0.5903,3.2085
2020-03-02,7,1.8314,0.5301,3.1479
2020-03-03,7,1.9659,0.5949,3.3407
2020-03-04,7,1.9295,0.5916,3.2392
2020-03-05,7,2.1115,0.7401,3.42
2020-03-06,7,2.1985,0.9259,3.4324
2020-03-07,7,2.1299,0.7225,3.4373
2020-03-08,7,2.0976,0.7869,3.3882
2020-03-09,7,2.0781,0.7315,3.4575
2020-03-10,7,2.1748,0.8828,3.5544
2020-03-11,7,2.1013,0.757,3.3669
2020-03-12,7,2.2488,0.8587,3.5131
2020-03-13,7,2.3054,0.9048,3.6455
2020-03-14,7,2.2117,0.8495,3.5402
2020-04-01,7,2.6564,1.3199,4.011
2020-04-02,7,2.8111,1.3856,4.1258
2020-04-03,7,2.865,1.5182,4.1456
2020-04-04,7,2.7561,1.4294,4.1005
2020-04-05,7,2.675,1.3376,3.9984
2020-05-01,7,2.6302,1.2561,3.9089
2020-05-02,7,1.2189,0.0021,2.5437
2020-05-03,7,1.3382,0.0,2.6824
2020-05-04,7,1.4935,0.1619,2.7794
2020-05-05,7,1.7842,0.4589,3.2088
2020-05-06,7,1.9199,0.627,3.1366
2020-05-07,7,2.2867,1.005,3.5772
2020-05-08,7,1.0403,0.0,2.3471
2020-05-09,7,2.6985,1.3391,3.984
2020-05-10,7,2.867,1.4531,4.2361
2020-05-11,7,3.045,1.6597,4.3257
2020-05-12,7,3.3318,1.882,4.6586
2020-06-01,7,2.697,1.4063,4.0637
2020-06-02,7,2.8253,1.4427,4.2158
2020-06-03,7,2.611,1.2325,3.9634
2020-06-04,7,2.6313,1.3012,3.9895
2020-07-01,7,2.3642,1.1076,3.7664
2020-07-02,7,2.4501,1.0576,3.8104
2020-08-01,7,1.7996,0.5543,3.1319
2020-08-02,7,1.7722,0.3763,3.1183
2020-08-03,7,1.7629,0.3641,3.1242
2020-08-04,7,1.8745,0.6313,3.1854
2020-08-05,7,1.8203,0.4924,3.1351
2020-08-06,7,1.9908,0.6796,3.3941
2020-09-01,7,3.197,1.9013,4.5288
2020-09-02,7,3.1137,1.6742,4.3704
2020-09-03,7,3.2449,1.8827,4.6207
2020-09-04,7,3.2779,1.8378,4.6299
2020-09-05,7,3.1526,1.9399,4.5284
2020-09-06,7,3.0614,1.6794,4.4249
2020-09-07,7,2.9811,1.6049,4.2578
2020-09-08,7,3.0153,1.5539,4.3311
2020-10-01,7,2.1304,0.8318,3.3995
2020-10-02,7,2.1661,0.8122,3.5218
2020-10-03,7,2.0503,0.6612,3.4115
2020-10-04,7,1.9746,0.6616,3.3245
2020-11-01,7,2.4394,1.0833,3.7244
2020-11-02,7,2.2342,0.9044,3.6233
2020-11-03,7,2.3746,1.0528,3.7215
2020-11-04,7,2.3416,1.0194,3.6832
2020-11-05,7,2.5233,1.1567,3.8602
2020-11-06,7,2.6056,1.2669,3.9387
2020-11-07,7,2.5268,1.1921,3.9655
2020-11-08,7,2.4778,1.1691,3.7865
2020-11-09,7,2.4339,1.1871,3.8208
2020-12-01,7,1.8918,0.4758,3.2044
2020-12-02,7,1.9393,0.7331,3.2088
2020-12-03,7,2.2301,0.9687,3.5778
2020-12-04,7,2.4494,1.1159,3.78
2020-12-05,7,2.5341,1.2065,3.7978
2021-01-01,7,2.2812,0.8734,3.5706
2021-01-02,7,2.8949,1.6405,4.2656
2021-01-03,7,2.6604,1.4824,4.0888
2021-01-04,7,2.4574,1.1153,3.758
2021-02-01,7,2.915,1.6573,4.2001
2021-03-01,7,1.8156,0.4566,3.1532
2021-03-02,7,1.9548,0.6248,3.2674
2021-03-03,7,1.9245,0.6237,3.2145
2021-03-04,7,2.1133,0.806,3.4593
2021-03-05,7,2.2079,0.9033,3.6193
2021-03-06,7,2.147,0.6974,3.5314
2021-03-07,7,2.1223,0.7619,3.4526
2021-03-08,7,2.1099,0.7181,3.4619
2021-03-09,7,2.2128,0.8615,3.5809
2021-03-10,7,2.1446,0.7569,3.4831
2021-03-11,7,2.2961,1.013,3.5808
2021-03-12,7,2.3554,1.0577,3.6745
2021-03-13,7,2.2629,0.9211,3.5653
2021-03-14,7,2.2117,0.8924,3.4773
2021-03-15,7,2.1789,0.7369,3.4145
2021-03-16,7,2.2685,0.9987,3.5962
2021-04-01,7,2.8539,1.577,4.2508
2021-04-02,7,2.9225,1.6672,4.2313
2021-04-03,7,2.83,1.5578,4.1748
2021-04-04,7,2.767,1.476,4.0543
2021-04-05,7,3.9727,2.5864,5.364
2021-04-06,7,2.755,1.3856,4.0512
2021-04-07,7,2.6203,1.3324,3.9085
2021-04-08,7,2.6938,1.3935,4.0245
2021-04-09,7,2.6627,1.3497,3.9825
2021-05-01,7,2.5671,1.1913,3.8346
2021-05-02,7,1.1928,0.0,2.5798
2021-05-03,7,1.3256,0.038,2.6031
2021-05-04,7,1.5978,0.2709,3.071
2021-05-05,7,1.7193,0.3822,3.1113
2021-05-06,7,2.0766,0.847,3.4442
2021-06-01,7,3.0795,1.7617,4.3726
2021-06-02,7,2.8554,1.564,4.1723
2021-06-03,7,2.8628,1.4722,4.0916
2021-06-04,7,2.7914,1.5563,4.092
2021-06-05,7,2.5824,1.2949,3.9434
2021-06-06,7,2.4295,1.1478,3.7057
2021-06-07,7,2.3098,0.9365,3.6089
2021-07-01,7,2.6043,1.2005,4.0248
2021-07-02,7,2.6031,1.3568,3.9142
2021-07-03,7,2.4452,1.1075,3.837
2021-07-04,7,2.3235,1.0216,3.6181
2021-07-05,7,2.2157,0.8779,3.5771
2021-07-06,7,2.2259,0.8831,3.5689
2021-07-07,7,2.0686,0.7312,3.3473
2021-08-01,7,1.8269,0.4771,3.158
2021-08-02,7,1.8178,0.5396,3.2216
2021-08-03,7,1.9295,0.5922,3.2176
2021-09-01,7,3.2064,1.8964,4.5093
2021-09-02,7,3.3493,2.0245,4.7169
2021-09-03,7,3.3938,1.9904,4.761
2021-09-04,7,3.2795,1.9278,4.6215
2021-09-05,7,3.1986,1.8981,4.5444
2021-09-06,7,3.1276,1.8116,4.4152
2021-09-07,7,3.17,1.6961,4.4641
2021-09-08,7,3.0396,1.6877,4.3098
2021-09-09,7,3.1272,1.7674,4.3632
2021-09-10,7,3.1212,1.748,4.6101
2021-09-11,7,2.9621,1.6075,4.2788
2021-09-12,7,2.8428,1.4844,4.1249
2021-09-13,7,2.7406,1.41,4.019
2021-09-14,7,2.7593,1.4251,4.0549
2021-09-15,7,2.6129,1.2329,3.8787
2021-09-16,7,2.6924,1.4148,4.0099
2021-09-17,7,2.6857,1.4364,4.0326
2021-09-18,7,2.533,1.1862,3.916
2021-09-19,7,2.4267,1.1208,3.708
2021-09-20,7,2.343,1.0241,3.7016
2021-09-21,7,2.3851,1.0033,3.677
2021-09-22,7,2.2657,0.873,3.6523
2021-10-01,7,2.2803,0.8901,3.5441
2021-10-02,7,2.1667,0.7628,3.4379
2021-10-03,7,2.0936,0.8034,3.4473
2021-10-04,7,2.0365,0.7044,3.3777
2021-10-05,7,2.0979,0.7836,3.4469
2021-10-06,7,1.9906,0.7639,3.501
2021-10-07,7,2.1045,0.8778,3.4568
2021-10-08,7,2.1269,0.8228,3.4809
2021-10-09,7,1.9977,0.6719,3.3158
2021-10-10,7,1.9092,0.6226,3.2944
2021-10-11,7,1.8381,0.5559,3.1997
2021-10-12,7,1.888,0.5457,3.2313
2021-10-13,7,1.7727,0.4537,3.0136
2021-10-14,7,1.8833,0.5757,3.1775
2021-10-15,7,1.9079,0.5955,3.3471
2021-10-16,7,1.787,0.4738,3.2269
2021-10-17,7,1.7136,0.5101,3.1209
2021-10-18,7,1.6643,0.3772,2.9812
2021-11-01,7,2.4797,1.1413,3.7889
2021-11-02,7,2.3966,1.1264,3.6911
2021-11-03,7,2.3724,1.0534,3.7581
2021-11-04,7,2.5651,1.2437,3.9246
2021-11-05,7,2.6601,1.3683,3.9493
2021-11-06,7,2.5955,1.2671,3.8378
2021-11-07,7,2.5618,1.2249,3.8845
2021-11-08,7,2.534,1.1931,3.87
2021-11-09,7,2.6143,1.3285,3.9743
2021-12-01,7,1.8739,0.5095,3.1586
2021-12-02,7,2.14,0.755,3.487
2021-12-03,7,2.337,1.0859,3.6441
2021-12-04,7,2.4024,0.9396,3.7029
2021-12-05,7,2.5258,1.1872,3.8167
2022-01-01,7,2.326,1.021,3.7056
2022-01-02,7,2.9799,1.5755,4.2624
2022-01-03,7,2.7607,1.5097,4.0415
2022-01-04,7,2.6749,1.3371,4.0954
2022-01-05,7,2.4387,1.1839,3.8275
2022-01-06,7,2.4445,1.0854,3.7928
2022-01-07,7,2.3819,1.0855,3.6429
2022-01-08,7,2.1918,0.8702,3.4357
2022-01-09,7,2.0671,0.6647,3.5787
2022-01-10,7,1.9843,0.7176,3.4034
2022-01-11,7,2.046,0.6632,3.3203
2022-01-12,7,1.9644,0.4985,3.2276
2022-01-13,7,2.1284,0.7293,3.4382
2022-01-14,7,2.2232,0.9159,3.5877
2022-01-15,7,2.186,0.7743,3.4601
2022-01-16,7,2.2061,0.8395,3.4428
2022-01-17,7,2.2565,0.9387,3.5498
2022-01-18,7,2.4368,1.138,3.824
2022-01-19,7,2.4566,1.0762,3.7239
2022-01-20,7,2.7024,1.3504,4.0478
2022-01-21,7,2.8581,1.5261,4.2491
2022-01-22,7,2.8596,1.6666,4.2761
2022-01-23,7,2.896,1.4627,4.2633
2022-01-24,7,2.9401,1.6586,4.2565
2022-01-25,7,3.0925,1.7629,4.4135
2022-01-26,7,3.064,1.7548,4.3783
2022-02-01,7,3.1071,1.7608,4.3849
2022-02-02,7,2.9566,1.5898,4.3204
2022-02-03,7,3.0155,1.6002,4.4106
2022-02-04,7,2.9729,1.6508,4.2666
2022-02-05,7,2.7705,1.4229,4.0325
2022-02-06,7,2.6026,1.2721,3.9771
2022-02-07,7,2.4479,1.1199,3.7293
2022-02-08,7,2.4116,1.059,3.8028
2022-02-09,7,2.2094,0.8494,3.4299
2022-02-10,7,2.2339,1.0413,3.576
2022-02-11,7,2.1748,0.8552,3.4626
2022-02-12,7,1.9736,0.5971,3.2637
2022-02-13,7,1.8242,0.5088,3.1642
2022-02-14,7,1.7042,0.3263,3.0658
2022-02-15,7,1.7178,0.3499,3.0281
2022-02-16,7,1.5787,0.2807,2.9615
2022-02-17,7,1.6775,0.3843,2.9339
2022-03-01,7,1.9731,0.5279,3.2642
2022-03-02,7,1.9467,0.631,3.2677
2022-03-03,7,2.1409,0.7462,3.4202
2022-03-04,7,2.2417,0.869,3.5546
2022-03-05,7,2.1877,0.9086,3.4802
2022-03-06,7,2.1702,0.8872,3.5596
2022-03-07,7,2.165,0.7951,3.4372
2022-03-08,7,2.2747,0.8834,3.5842
2022-04-01,7,2.9824,1.6298,4.3889
2022-05-01,7,2.5541,1.2697,3.87
2022-05-02,7,1.192,0.0,2.5594
2022-06-01,7,3.1031,1.8083,4.5353
2022-06-02,7,3.101,1.7764,4.3803
2022-06-03,7,3.017,1.5266,4.2572
2022-06-04,7,2.7929,1.4239,4.1268
2022-06-05,7,2.6227,1.3489,3.9816
2022-06-06,7,2.2993,0.9661,3.7617
2022-06-07,7,2.4812,1.1443,3.7817
2022-06-08,7,2.3278,1.0236,3.675
2022-06-09,7,2.4142,1.1185,3.6425
2022-06-10,7,2.4277,1.1275,3.722
2022-06-11,7,2.3071,0.9114,3.5778
2022-06-12,7,2.2434,0.9585,3.5821
2022-06-13,7,2.2114,0.9086,3.5432
2022-06-14,7,2.3124,0.977,3.5648
2022-08-01,7,1.8401,0.556,3.056
2022-08-02,7,1.9518,0.5183,3.2543
2022-08-03,7,1.8971,0.5783,3.2949
2022-09-01,7,3.3972,2.0645,4.7873
2022-09-02,7,3.4531,2.0971,4.8367
2022-09-03,7,3.35,2.0521,4.6762
2022-09-04,7,3.2799,1.9742,4.5591
2022-10-01,7,2.232,0.8685,3.5798
2022-10-02,7,2.1607,0.8263,3.4529
2022-10-03,7,2.1059,0.803,3.4256
2022-10-04,7,2.1701,0.8741,3.3748
2022-10-05,7,2.0658,0.7655,3.4535
2022-10-06,7,2.1826,0.7139,3.4473
2022-10-07,7,2.2078,0.8347,3.5054
2022-10-08,7,2.0809,0.7617,3.3617
2022-10-09,7,1.9941,0.6999,3.3065
2022-10-10,7,1.9239,0.6173,3.2605
2022-10-11,7,1.9736,0.7235,3.2915
2022-10-12,7,1.857,0.4515,3.0401
2022-10-13,7,1.965,0.727,3.3947
2022-10-14,7,1.9856,0.7305,3.3354
2022-10-15,7,1.8595,0.4185,3.1978
2022-10-16,7,1.7794,0.4436,3.1602
2022-10-17,7,1.7225,0.417,2.9984
2022-10-18,7,1.7923,0.5026,3.0574
2022-10-19,7,1.7028,0.4186,3.0123
2022-10-20,7,1.8445,0.6483,3.24
2022-10-21,7,1.9053,0.5925,3.1745
2022-11-01,7,2.5861,1.2514,3.9449
2022-11-02,7,2.3375,0.9529,3.6017
2022-11-03,7,2.5384,1.3464,3.8698
2022-11-04,7,2.6437,1.3431,3.9201
2022-11-05,7,2.5911,1.2968,3.9531
2022-11-06,7,2.5711,1.1729,3.8478
2022-11-07,7,2.5582,1.2182,3.9352
2022-11-08,7,2.6542,1.3258,3.8804
2022-11-09,7,2.5714,1.3107,3.7569
2022-11-10,7,2.6993,1.4399,4.0511
2022-11-11,7,3.0025,1.6146,4.2836
2022-11-12,7,2.5884,1.2453,3.8967
2022-11-13,7,2.4821,1.1571,3.7708
2022-11-14,7,2.3831,1.0754,3.6591
2022-11-15,7,2.3958,1.1078,3.7388
2022-11-16,7,2.2349,1.0491,3.4722
2022-12-01,7,2.0204,0.6915,3.3293
2022-12-02,7,2.192,0.9012,3.3891
2022-12-03,7,2.2342,0.8446,3.5238
2022-12-04,7,2.3373,1.0012,3.6833
2022-12-05,7,2.4749,1.1625,3.8044
2022-12-06,7,2.747,1.4649,4.0522
2022-12-07,7,2.8635,1.4852,4.2548
2022-12-08,7,3.211,1.8703,4.5316
2022-12-09,7,3.4729,2.2228,4.8563
2022-12-10,7,3.5846,2.2811,4.8955
2022-12-11,7,3.7343,2.4495,5.0762
2022-12-12,7,3.8939,2.5128,5.2227
2022-12-13,7,4.1623,2.7911,5.5198
2022-12-14,7,4.2488,2.9557,5.5977
2022-12-15,7,4.5401,3.1951,5.7892
2022-12-16,7,4.7202,3.4409,6.0179
2022-12-17,7,4.7261,3.4518,6.1356
2022-12-18,7,4.7475,3.5171,6.0919
2022-12-19,7,4.7588,3.4145,5.988
2022-12-20,7,4.862,3.5351,6.1848
2022-12-21,7,4.7695,3.4702,6.1444
2022-12-22,7,4.8718,3.5082,6.2268
2022-12-23,7,4.8567,3.5611,6.1915
2022-12-24,7,4.6654,3.4009,5.9565
2022-12-25,7,4.4917,3.1944,5.7636
2022-12-26,7,4.3142,3.0949,5.6601
2022-12-27,7,4.2387,2.8718,5.6013
2022-12-28,7,3.9816,2.7219,5.227
2022-12-29,7,3.9366,2.6368,5.3054
2022-12-30,7,3.7947,2.5218,5.0666
2022-12-31,7,3.4995,2.2841,4.8482
2023-01-01,7,2.3463,1.0875,3.6698
2023-01-02,7,3.0165,1.8176,4.3734
2023-01-03,7,2.9153,1.5238,4.2324
2023-01-04,7,2.6597,1.3304,3.9878
2023-01-05,7,2.6429,1.3124,4.0791
2019-01-01,8,2.5716,1.309,3.7762
2019-01-02,8,2.4829,1.2454,3.6411
2019-01-03,8,2.3767,1.0801,3.5869
2019-01-04,8,2.3106,1.0835,3.5586
2019-01-05,8,2.3815,1.2109,3.6732
2019-01-06,8,2.4742,1.1716,3.7114
2019-02-01,8,1.9586,0.722,3.2597
2019-03-01,8,2.2539,1.0103,3.5462
2019-03-02,8,2.3958,1.1484,3.5694
2019-03-03,8,2.5519,1.2708,3.8308
2019-03-04,8,2.3935,1.2123,3.659
2019-03-05,8,2.2534,1.0439,3.4277
2019-03-06,8,2.1815,0.8808,3.4953
2019-03-07,8,2.0992,0.8324,3.3842
2019-03-08,8,2.0535,0.812,3.3108
2019-03-09,8,2.1407,0.9343,3.245
2019-03-10,8,2.245,0.9609,3.5
2019-03-11,8,2.0394,0.8313,3.2916
2019-04-01,8,2.1057,0.8297,3.2786
2019-04-02,8,2.0846,0.8888,3.4112
2019-04-03,8,2.1377,0.9591,3.3229
2019-04-04,8,2.1835,1.0313,3.3706
2019-04-05,8,2.2663,0.9563,3.4777
2019-04-06,8,2.4794,1.3318,3.783
2019-04-07,8,2.7041,1.3944,3.9113
2019-05-01,8,2.1532,0.8818,3.3775
2019-05-02,8,1.3763,0.1184,2.6125
2019-05-03,8,1.4257,0.2441,2.7007
2019-05-04,8,1.6278,0.4136,2.9395
2019-05-05,8,1.8639,0.6848,3.0997
2019-05-06,8,1.804,0.4733,2.972
2019-05-07,8,1.7786,0.5372,3.0311
2019-05-08,8,1.586,0.3416,2.7889
2019-05-09,8,1.8926,0.6359,3.1116
2019-05-10,8,1.9941,0.8525,3.1895
2019-05-11,8,2.2325,0.9668,3.4391
2019-05-12,8,2.4885,1.2597,3.7935
2019-05-13,8,2.4312,1.2658,3.6955
2019-05-14,8,2.3914,1.152,3.6072
2019-05-15,8,2.4172,1.1386,3.6934
2019-05-16,8,2.4276,1.2618,3.7113
2019-05-17,8,2.4681,1.3394,3.7242
2019-06-01,8,1.967,0.7855,3.159
2019-06-02,8,2.1097,0.8927,3.4412
2019-06-03,8,1.962,0.771,3.2286
2019-06-04,8,1.8583,0.5582,3.0637
2019-06-05,8,1.8494,0.694,3.1048
2019-06-06,8,1.8566,0.6423,3.0157
2019-06-07,8,1.9263,0.6893,3.2003
2019-06-08,8,2.1533,1.0189,3.3917
2019-06-09,8,2.4196,1.1654,3.7128
2019-06-10,8,2.7386,1.5664,4.064
2019-07-01,8,3.4136,2.1714,4.6185
2019-07-02,8,3.1366,1.9294,4.3028
2019-07-03,8,2.9226,1.7555,4.1852
2019-07-04,8,2.696,1.4194,3.8691
2019-07-05,8,2.5068,1.3594,3.7305
2019-07-06,8,2.4543,1.3053,3.6006
2019-07-07,8,2.4252,1.2254,3.7311
2019-07-08,8,2.0949,0.8504,3.2987
2019-07-09,8,1.7998,0.5833,3.0024
2019-07-10,8,1.5933,0.4007,2.7514
2019-07-11,8,1.3991,0.148,2.6179
2019-08-01,8,1.9663,0.7088,3.1639
2019-08-02,8,2.0302,0.8296,3.2651
2019-08-03,8,2.2195,0.9228,3.4582
2019-08-04,8,2.4167,1.1915,3.7443
2019-08-05,8,2.2933,0.9824,3.5321
2019-08-06,8,2.1824,0.9912,3.3854
2019-08-07,8,2.1347,0.9511,3.3712
2019-08-08,8,2.0721,0.7545,3.24
2019-08-09,8,2.0424,0.8207,3.2077
2019-08-10,8,2.1427,0.919,3.4473
2019-08-11,8,2.2581,0.9895,3.4533
2019-08-12,8,2.0623,0.889,3.2521
2019-08-13,8,1.8904,0.6988,3.1913
2019-08-14,8,1.7946,0.5755,3.0276
2019-08-15,8,1.9095,0.6537,3.1562
2019-08-16,8,1.6486,0.4151,2.8142
2019-09-01,8,2.2117,0.9168,3.3756
2019-09-02,8,2.1276,0.9153,3.3366
2019-09-03,8,2.0653,0.8113,3.2981
2019-09-04,8,2.0731,0.8429,3.1795
2019-09-05,8,2.0706,0.7764,3.2482
2019-09-06,8,2.103,0.8285,3.3488
2019-09-07,8,2.2651,0.9894,3.4824
2019-09-08,8,2.4394,1.1682,3.6995
2019-09-09,8,2.2973,1.1506,3.4979
2019-09-10,8,2.1722,0.9005,3.3556
2019-10-01,8,1.9955,0.7315,3.2135
2019-10-02,8,2.0455,0.8528,3.2338
2019-10-03,8,2.0984,0.7789,3.2885
2019-10-04,8,2.1986,1.0196,3.3568
2019-10-05,8,2.4395,1.1939,3.6611
2019-10-06,8,2.7019,1.5274,3.9025
2019-10-07,8,2.6552,1.4843,3.9069
2019-10-08,8,2.6302,1.3001,3.9006
2019-10-09,8,2.6747,1.5039,4.0135
2019-11-01,8,1.824,0.6346,3.0965
2019-11-02,8,2.17,0.8563,3.3757
2019-11-03,8,2.3381,1.1057,3.5536
2019-11-04,8,2.2116,1.0012,3.4147
2019-11-05,8,2.1229,0.9112,3.4196
2019-11-06,8,2.121,0.921,3.3939
2019-11-07,8,2.1257,0.8944,3.3862
2019-11-08,8,2.1819,0.9879,3.5355
2019-11-09,8,2.3835,1.1659,3.651
2019-11-10,8,2.6116,1.3508,3.8612
2019-12-01,8,2.5938,1.3798,3.8811
2019-12-02,8,2.3978,1.1892,3.7104
2019-12-03,8,2.233,0.9723,3.5828
2019-12-04,8,2.1509,0.9226,3.3637
2019-12-05,8,2.0736,0.8221,3.3499
2019-12-06,8,2.0485,0.743,3.2855
2019-12-07,8,2.172,0.8801,3.348
2019-12-08,8,2.3275,1.0863,3.5674
2020-01-01,8,2.4263,1.1409,3.6938
2020-01-02,8,2.3365,1.0838,3.5608
2020-01-03,8,2.2754,1.0954,3.4589
2020-01-04,8,2.3493,1.1451,3.486
2020-01-05,8,2.4429,1.1887,3.6895
2020-01-06,8,2.2294,1.0315,3.5686
2020-01-07,8,2.0432,0.7517,3.3141
2020-02-01,8,1.976,0.6872,3.2151
2020-02-02,8,2.1537,0.9522,3.4817
2020-02-03,8,2.0215,0.7361,3.2342
2020-02-04,8,1.9126,0.7742,3.1813
2020-02-05,8,1.8774,0.6445,3.181
2020-02-06,8,1.8373,0.7276,2.9781
2020-02-07,8,1.8394,0.6884,3.0138
2020-02-08,8,1.9798,0.771,3.1961
2020-02-09,8,2.1425,0.878,3.4222
2020-02-10,8,1.9997,0.8202,3.179
2020-02-11,8,1.8854,0.7288,3.1583
2020-03-01,8,2.4432,1.278,3.6123
2020-03-02,8,2.2954,0.9663,3.555
2020-03-03,8,2.166,0.8994,3.4482
2020-03-04,8,2.1048,0.8118,3.2507
2020-04-01,8,1.91,0.6749,3.2446
2020-04-02,8,1.9615,0.6059,3.1772
2020-04-03,8,2.0527,0.9392,3.2932
2020-04-04,8,2.2768,1.039,3.5191
2020-04-05,8,2.5147,1.2328,3.7495
2020-04-06,8,2.4362,1.1879,3.7284
2020-04-07,8,2.3725,1.1122,3.6223
2020-04-08,8,2.3723,1.0632,3.5079
2020-04-09,8,2.3553,1.1868,3.5529
2020-04-10,8,2.3675,1.1427,3.5861
2020-04-11,8,2.5038,1.2721,3.7685
2020-04-12,8,2.6476,1.3543,3.8139
2020-04-13,8,2.849,1.6267,4.1028
2020-04-14,8,2.3076,1.1229,3.5563
2020-04-15,8,2.2091,1.0113,3.4068
2020-04-16,8,2.0977,0.8987,3.3731
2020-04-17,8,2.0218,0.8233,3.2786
2020-04-18,8,2.0791,0.8679,3.3195
2020-04-19,8,2.1549,0.8917,3.3759
2020-05-01,8,2.0339,0.8114,3.34
2020-05-02,8,1.4515,0.2562,2.711
2020-05-03,8,1.6729,0.4422,2.7854
2020-05-04,8,1.6007,0.3404,2.7907
2020-05-05,8,1.5657,0.3446,2.8054
2020-05-06,8,1.6157,0.4692,2.8366
2020-05-07,8,1.6693,0.4001,2.9523
2020-05-08,8,1.521,0.2713,2.8068
2020-06-01,8,2.2274,0.9441,3.4507
2020-06-02,8,1.7595,0.5892,2.9722
2020-06-03,8,1.7285,0.5373,2.8693
2020-06-04,8,1.713,0.4911,2.9102
2020-06-05,8,1.7599,0.5437,2.9946
2020-06-06,8,1.9647,0.776,3.2609
2020-06-07,8,2.2101,1.06,3.5259
2020-06-08,8,2.1666,0.8446,3.4812
2020-07-01,8,3.0691,1.7312,4.3201
2020-07-02,8,2.8562,1.5835,4.0957
2020-07-03,8,2.6761,1.5225,3.8902
2020-07-04,8,2.628,1.4221,3.929
2020-08-01,8,2.105,0.8665,3.3209
2020-08-02,8,2.3207,1.1261,3.6955
2020-08-03,8,2.2159,0.9898,3.4536
2020-08-04,8,2.1234,0.853,3.3473
2020-09-01,8,1.963,0.6766,3.2457
2020-09-02,8,1.9793,0.7313,3.2025
2020-09-03,8,1.9869,0.7777,3.2158
2020-09-04,8,2.0308,0.8687,3.1744
2020-09-05,8,2.2054,0.9772,3.4192
2020-10-01,8,1.9634,0.766,3.2253
2020-10-02,8,2.0596,0.7885,3.2585
2020-10-03,8,2.2989,1.0998,3.4931
2020-10-04,8,2.5625,1.2869,3.7627
2020-10-05,8,2.5198,1.2555,3.7899
2020-10-06,8,2.5013,1.3225,3.6807
2020-10-07,8,2.555,1.2665,3.799
2020-11-01,8,2.1227,0.8402,3.3327
2020-11-02,8,2.1942,1.0408,3.4187
2020-11-03,8,2.0922,0.9662,3.3704
2020-11-04,8,2.078,0.796,3.3402
2020-11-05,8,2.0717,0.8483,3.3411
2020-11-06,8,2.1186,0.9216,3.2906
2020-11-07,8,2.3129,0.9617,3.5373
2020-11-08,8,2.5359,1.3077,3.8314
2020-11-09,8,2.4575,1.1971,3.6556
2020-11-10,8,2.4088,1.2486,3.6029
2020-12-01,8,2.3125,1.0069,3.5961
2020-12-02,8,2.2237,1.0105,3.4996
2020-12-03,8,2.1379,0.7931,3.2958
2020-12-04,8,2.1031,0.8806,3.3331
2020-12-05,8,2.2156,1.0078,3.5103
2020-12-06,8,2.3595,1.2145,3.5779
2020-12-07,8,2.207,0.9103,3.3575
2020-12-08,8,2.0913,0.9114,3.3488
2020-12-09,8,2.0623,0.8158,3.2258
2020-12-10,8,2.0404,0.8114,3.3322
2020-12-11,8,2.0717,0.8737,3.2533
2020-12-12,8,2.2504,0.9983,3.4058
2020-12-13,8,2.4587,1.2058,3.7256
2020-12-14,8,2.3668,1.1922,3.5393
2020-12-15,8,2.3059,1.143,3.5648
2020-12-16,8,2.3246,1.0428,3.5552
2020-12-17,8,2.3416,1.0971,3.5625
2020-12-18,8,2.4018,1.2348,3.606
2020-12-19,8,2.5987,1.4305,3.7989
2020-12-20,8,2.8138,1.6351,4.0534
2020-12-21,8,2.7171,1.4933,3.9476
2020-12-22,8,2.64,1.4179,3.866
2021-01-01,8,2.3794,1.2319,3.5823
2021-01-02,8,2.4688,1.289,3.6737
2021-01-03,8,2.5665,1.3187,3.8155
2021-01-04,8,2.355,1.0599,3.6018
2021-01-05,8,2.1689,0.9164,3.4392
2021-01-06,8,2.0596,0.7812,3.3494
2021-02-01,8,2.061,0.7625,3.3016
2021-02-02,8,1.957,0.6967,3.1777
2021-02-03,8,1.9262,0.6701,3.1412
2021-02-04,8,1.8897,0.5455,3.1634
2021-02-05,8,1.8945,0.6692,3.2011
2021-02-06,8,2.0367,0.8053,3.1953
2021-02-07,8,2.2001,0.9198,3.557
2021-02-08,8,2.0572,0.768,3.2247
2021-02-09,8,1.9415,0.7122,3.0891
2021-02-10,8,1.9038,0.7343,3.0835
2021-02-11,8,1.8656,0.6621,3.1773
2021-02-12,8,1.8739,0.6187,3.0497
2021-02-13,8,2.0247,0.954,3.3589
2021-02-14,8,2.2014,0.9415,3.4386
2021-02-15,8,2.0758,0.8092,3.3009
2021-02-16,8,1.9807,0.8464,3.2145
2021-02-17,8,1.966,0.7546,3.1845
2021-02-18,8,1.952,0.5641,3.1666
2021-02-19,8,1.9846,0.7483,3.1724
2021-03-01,8,2.3667,1.069,3.6144
2021-03-02,8,2.248,1.0029,3.5376
2021-03-03,8,2.1978,1.0731,3.5126
2021-03-04,8,2.1365,0.9299,3.3451
2021-03-05,8,2.1107,0.8604,3.4017
2021-03-06,8,2.2159,0.9935,3.4543
2021-03-07,8,2.3357,1.0337,3.579
2021-03-08,8,2.1426,0.9667,3.3951
2021-03-09,8,1.9705,0.7261,3.2079
2021-04-01,8,1.9234,0.7362,3.1596
2021-04-02,8,2.0198,0.7622,3.2154
2021-05-01,8,2.2534,1.0188,3.4618
2021-05-02,8,1.6899,0.5245,2.8933
2021-05-03,8,1.6021,0.4178,2.8239
2021-06-01,8,1.8617,0.6806,3.1217
2021-06-02,8,1.8099,0.593,3.0093
2021-06-03,8,1.7721,0.5022,2.9965
2021-06-04,8,1.7958,0.5905,3.0438
2021-06-05,8,1.9773,0.8143,3.3129
2021-06-06,8,2.1998,0.9574,3.3808
2021-07-01,8,3.1572,1.9117,4.3712
2021-07-02,8,2.9915,1.8686,4.2301
2021-07-03,8,2.9531,1.7606,4.244
2021-08-01,8,2.3426,1.1246,3.566
2021-08-02,8,2.2556,1.0148,3.476
2021-09-01,8,1.9984,0.738,3.2338
2021-09-02,8,2.0134,0.7981,3.2784
2021-09-03,8,2.0665,0.7953,3.3757
2021-09-04,8,2.2517,1.0189,3.4924
2021-09-05,8,2.4507,1.2596,3.659
2021-10-01,8,2.0321,0.832,3.275
2021-10-02,8,2.2662,1.0762,3.594
2021-10-03,8,2.527,1.3012,3.7165
2021-10-04,8,2.4842,1.2428,3.6737
2021-10-05,8,2.4684,1.2213,3.64
2021-10-06,8,2.5274,1.3075,3.719
2021-10-07,8,2.5798,1.4312,3.8186
2021-10-08,8,2.6699,1.4911,3.8769
2021-11-01,8,2.0707,0.8065,3.3483
2021-11-02,8,2.166,0.8807,3.4432
2021-11-03,8,2.1377,0.9314,3.3978
2021-11-04,8,2.1182,0.8225,3.4294
2021-11-05,8,2.1533,0.9753,3.4239
2021-11-06,8,2.3372,1.0936,3.4918
2021-11-07,8,2.5518,1.3378,3.7851
2021-11-08,8,2.4672,1.2625,3.7133
2021-11-09,8,2.4146,1.2626,3.6221
2021-11-10,8,2.442,1.162,3.6846
2021-12-01,8,2.3757,1.2118,3.707
2021-12-02,8,2.2831,0.9991,3.5681
2021-12-03,8,2.2397,0.9474,3.489
2021-12-04,8,2.3422,1.141,3.5406
2022-01-01,8,2.6244,1.508,3.8501
2022-01-02,8,2.7375,1.4701,3.9993
2022-01-03,8,2.53,1.2487,3.77
2022-01-04,8,2.3458,1.1012,3.5759
2022-01-05,8,2.2366,1.0402,3.393
2022-01-06,8,2.1245,0.9194,3.2917
2022-01-07,8,2.0577,0.854,3.3106
2022-01-08,8,2.133,0.8921,3.3525
2022-01-09,8,2.2349,0.9513,3.5361
2022-01-10,8,2.0362,0.7943,3.1966
2022-01-11,8,1.8708,0.6987,3.1283
2022-01-12,8,1.7895,0.6107,3.0699
2022-01-13,8,1.7137,0.4675,2.9314
2022-01-14,8,1.6903,0.4525,2.8954
2022-01-15,8,1.8146,0.5796,3.006
2022-02-01,8,2.0309,0.7903,3.2546
2022-02-02,8,2.0045,0.7645,3.2676
2022-02-03,8,1.9718,0.7589,3.1678
2022-02-04,8,1.9797,0.7619,3.2168
2022-03-01,8,2.3366,1.1724,3.548
2022-03-02,8,2.2965,1.0489,3.4628
2022-03-03,8,2.2457,1.0357,3.5218
2022-03-04,8,2.2303,0.94,3.3567
2022-03-05,8,2.3456,1.2489,3.599
2022-03-06,8,2.475,1.1736,3.7062
2022-03-07,8,2.2904,1.0614,3.4336
2022-03-08,8,2.1256,0.9238,3.3578
2022-03-09,8,2.0314,0.764,3.2924
2022-03-10,8,1.9297,0.6603,3.1387
2022-04-01,8,1.9846,0.7885,3.2985
2022-04-02,8,2.2205,1.0035,3.4896
2022-04-03,8,2.4758,1.3154,3.7149
2022-04-04,8,2.4196,1.1618,3.5837
2022-04-05,8,2.3828,1.1574,3.5899
2022-04-06,8,2.4133,1.2453,3.5815
2022-04-07,8,2.4301,1.2172,3.6579
2022-04-08,8,2.4781,1.1416,3.7226
2022-04-09,8,2.6515,1.3634,3.7973
2022-04-10,8,2.8326,1.6778,4.1628
2022-05-01,8,2.4858,1.2232,3.7651
2022-05-02,8,1.6122,0.3729,2.8777
2022-05-03,8,1.5475,0.209,2.7581
2022-05-04,8,1.5726,0.3781,2.8374
2022-05-05,8,1.6065,0.3578,2.866
2022-05-06,8,1.6937,0.4203,2.8484
2022-05-07,8,1.9275,0.6022,3.1228
2022-05-08,8,1.9389,0.7275,3.2355
2022-05-09,8,2.1454,0.9584,3.3945
2022-05-10,8,2.129,0.9624,3.3259
2022-05-11,8,2.1864,0.9886,3.4032
2022-05-12,8,2.2358,1.0613,3.4651
2022-05-13,8,2.3215,1.0966,3.5144
2022-05-14,8,2.5366,1.2935,3.6977
2022-05-15,8,2.7624,1.5644,4.0177
2022-05-16,8,2.669,1.4532,3.9373
2022-05-17,8,2.5884,1.3573,3.8342
2022-06-01,8,1.8982,0.635,3.0915
2022-06-02,8,1.8397,0.6214,3.0278
2022-06-03,8,1.8413,0.5889,3.0036
2022-07-01,8,3.2628,2.0519,4.4642
2022-07-02,8,3.2396,1.9593,4.5102
2022-07-03,8,3.2259,1.9737,4.4476
2022-07-04,8,2.8969,1.6007,4.138
2022-07-05,8,2.5891,1.356,3.743
2022-07-06,8,2.3564,1.206,3.5835
2022-08-01,8,2.2414,1.0462,3.4448
2022-08-02,8,2.1843,0.9912,3.4795
2022-08-03,8,2.19,0.902,3.5356
2022-08-04,8,2.1786,0.9665,3.3537
2022-08-05,8,2.1966,1.0092,3.453
2022-08-06,8,2.3398,1.0212,3.6005
2022-08-07,8,2.492,1.2171,3.747
2022-08-08,8,2.326,1.1461,3.6246
2022-08-09,8,2.1762,0.9698,3.4032
2022-08-10,8,2.0945,0.8155,3.3483
2022-08-11,8,2.0034,0.7862,3.261
2022-08-12,8,1.9517,0.6245,3.1889
2022-08-13,8,2.037,0.8152,3.2444
2022-08-14,8,2.1445,0.8263,3.278
2022-09-01,8,1.9926,0.7999,3.2578
2022-09-02,8,2.0524,0.7837,3.2604
2022-09-03,8,2.2461,1.0341,3.4565
2022-09-04,8,2.4552,1.2641,3.6791
2022-09-05,8,2.3501,1.135,3.5176
2022-10-01,8,2.1957,0.9272,3.4054
2022-10-02,8,2.4503,1.2911,3.6672
2022-11-01,8,1.9949,0.7214,3.2181
2022-11-02,8,2.1637,0.8963,3.4677
2022-11-03,8,2.1297,0.97,3.3867
2022-11-04,8,2.1511,0.9185,3.3757
2022-11-05,8,2.3225,1.0437,3.5407
2022-11-06,8,2.5262,1.2567,3.6922
2022-11-07,8,2.4325,1.1623,3.7298
2022-11-08,8,2.3728,1.192,3.6036
2022-11-09,8,2.3955,1.2123,3.7048
2022-11-10,8,2.4194,1.2241,3.5749
2022-11-11,8,2.8528,1.6556,4.0797
2022-11-12,8,2.6982,1.4922,3.9132
2022-11-13,8,2.9276,1.7531,4.16
2022-11-14,8,2.8471,1.618,4.0769
2022-12-01,8,2.379,1.1564,3.6009
2022-12-02,8,2.3289,1.1608,3.5729
2022-12-03,8,2.423,1.1815,3.6441
2022-12-04,8,2.5458,1.2191,3.717
2022-12-05,8,2.37,1.2141,3.6491
2022-12-06,8,2.2297,0.9912,3.4481
2022-12-07,8,2.1754,0.9266,3.3298
2022-12-08,8,2.1285,1.0061,3.3616
2022-12-09,8,2.1355,0.9444,3.4555
2022-12-10,8,2.2917,1.0688,3.5731
2022-12-11,8,2.4797,1.2676,3.7579
2022-12-12,8,2.3704,1.1997,3.6603
2022-12-13,8,2.2955,1.0232,3.5605
2022-12-14,8,2.304,1.0634,3.6538
2022-12-15,8,2.315,1.0798,3.5399
2022-12-16,8,2.3735,1.1434,3.6046
2022-12-17,8,2.5731,1.2765,3.8507
2022-12-18,8,2.7952,1.5689,4.0633
2022-12-19,8,2.7095,1.5039,3.9915
2022-12-20,8,2.6472,1.3733,3.9606
2022-12-21,8,2.6567,1.4559,3.8777
2022-12-22,8,2.6572,1.4818,3.8515
2022-12-23,8,2.6938,1.4563,4.0367
2022-12-24,8,2.8608,1.6447,4.1283
2022-12-25,8,3.0404,1.899,4.3596
2022-12-26,8,2.9037,1.6846,4.0194
2022-12-27,8,2.7831,1.5225,4.0235
2022-12-28,8,2.7287,1.4718,3.9362
2022-12-29,8,2.6613,1.4002,3.8476
2022-12-30,8,2.6282,1.3421,3.9659
2022-12-31,8,2.7253,1.5036,3.9579
2023-01-01,8,2.8272,1.6097,4.0277
2023-01-02,8,2.6354,1.39,3.8212
2023-01-03,8,2.4555,1.1891,3.6457
2023-01-04,8,2.3485,1.1212,3.5973
2023-01-05,8,2.2367,0.9439,3.489
2023-01-06,8,2.1682,0.8847,3.3207
2023-01-07,8,2.2399,1.0639,3.4609
2023-01-08,8,2.3364,1.1694,3.4819
2023-01-09,8,2.1308,0.8686,3.4069
2023-01-10,8,1.9571,0.7175,3.0738
2023-01-11,8,1.8664,0.624,2.9812
2023-01-12,8,1.7804,0.4764,3.0128
2019-01-01,9,2.8364,1.6249,4.0257
2019-01-02,9,1.9087,0.7512,3.1922
2019-01-03,9,1.9046,0.6075,3.1685
2019-01-04,9,1.7538,0.5707,2.9642
2019-01-05,9,1.9335,0.703,3.2348
2019-01-06,9,1.8816,0.6965,3.1552
2019-02-01,9,1.5111,0.3126,2.7413
2019-02-02,9,1.741,0.4834,2.9522
2019-02-03,9,1.7542,0.4804,3.0143
2019-02-04,9,1.8729,0.7187,3.1063
2019-02-05,9,2.1158,0.9496,3.4478
2019-02-06,9,2.2069,0.9515,3.3509
2019-02-07,9,2.2932,1.1006,3.5275
2019-02-08,9,2.2374,0.982,3.4191
2019-02-09,9,2.5161,1.2605,3.8348
2019-02-10,9,2.5661,1.3641,3.8047
2019-02-11,9,2.7085,1.4779,3.8733
2019-02-12,9,2.9614,1.6707,4.1546
2019-02-13,9,3.0482,1.7917,4.2639
2019-02-14,9,3.1158,1.7384,4.2819
2019-02-15,9,3.0272,1.81,4.2455
2019-03-01,9,2.8326,1.6365,4.1278
2019-03-02,9,2.8888,1.6382,4.2862
2019-03-03,9,2.7133,1.4005,3.9936
2019-03-04,9,2.6313,1.4284,3.9036
2019-03-05,9,2.6648,1.4392,3.8969
2019-03-06,9,2.5409,1.3088,3.8393
2019-03-07,9,2.41,1.1252,3.6485
2019-04-01,9,1.9733,0.7953,3.206
2019-04-02,9,2.1239,0.9708,3.3298
2019-04-03,9,2.1138,0.8907,3.3438
2019-04-04,9,2.092,0.864,3.2849
2019-04-05,9,1.9237,0.6338,3.0653
2019-04-06,9,2.0879,0.9096,3.2526
2019-04-07,9,2.024,0.7738,3.215
2019-05-01,9,2.3044,0.9825,3.5181
2019-05-02,9,2.9333,1.7133,4.238
2019-05-03,9,2.7775,1.616,4.021
2019-05-04,9,2.9504,1.6751,4.2436
2019-05-05,9,2.8907,1.6988,4.0551
2019-05-06,9,2.9218,1.6444,4.1777
2019-06-01,9,2.5722,1.4477,3.8324
2019-06-02,9,2.475,1.2426,3.6884
2019-06-03,9,2.4723,1.2661,3.6718
2019-06-04,9,2.5845,1.3251,3.794
2019-06-05,9,2.5373,1.2262,3.7029
2019-06-06,9,2.4796,1.2439,3.6649
2019-07-01,9,2.2677,1.0752,3.5665
2019-07-02,9,2.3805,1.1008,3.6502
2019-07-03,9,2.3258,1.1789,3.5645
2019-07-04,9,2.2521,1.0343,3.5466
2019-07-05,9,2.0235,0.8427,3.2317
2019-07-06,9,2.1188,0.8648,3.3384
2019-07-07,9,1.9768,0.7438,3.2475
2019-07-08,9,1.9211,0.6575,3.189
2019-07-09,9,1.9725,0.7005,3.2087
2019-07-10,9,1.8573,0.6612,3.0577
2019-07-11,9,1.7254,0.5024,2.9371
2019-07-12,9,1.4426,0.2032,2.7171
2019-08-01,9,1.2691,0.0199,2.5848
2019-08-02,9,1.2457,0.0,2.4827
2019-08-03,9,1.5683,0.3045,2.8244
2019-08-04,9,1.6736,0.4309,2.8137
2019-08-05,9,1.8821,0.6575,3.0966
2019-08-06,9,2.2112,0.9962,3.4535
2019-08-07,9,2.3833,1.1496,3.7049
2019-09-01,9,2.437,1.1558,3.6663
2019-09-02,9,2.3101,1.0538,3.5542
2019-09-03,9,2.3044,1.0438,3.4881
2019-09-04,9,2.1477,0.9681,3.3921
2019-09-05,9,1.9905,0.8251,3.2941
2019-10-01,9,2.2128,1.0285,3.4579
2019-10-02,9,2.2182,1.0337,3.3957
2019-10-03,9,2.2107,0.9812,3.436
2019-10-04,9,2.0553,0.8993,3.214
2019-10-05,9,2.2312,1.0266,3.4515
2019-10-06,9,2.178,0.9345,3.4298
2019-10-07,9,2.2194,1.0035,3.4158
2019-10-08,9,2.3762,1.237,3.6088
2019-10-09,9,2.3743,1.2157,3.6566
2019-11-01,9,2.4026,1.1808,3.6989
2019-11-02,9,2.3837,1.0938,3.6512
2019-11-03,9,2.2455,1.0335,3.4893
2019-11-04,9,2.198,1.0382,3.4106
2019-11-05,9,2.2627,1.0303,3.5118
2019-11-06,9,2.1663,0.9783,3.3967
2019-11-07,9,2.059,0.7759,3.3258
2019-11-08,9,1.8068,0.5485,2.9857
2019-12-01,9,2.093,0.9133,3.2758
2019-12-02,9,2.16,0.8824,3.3309
2019-12-03,9,2.3354,1.1021,3.5287
2019-12-04,9,2.3437,1.0594,3.5506
2020-01-01,9,2.7967,1.5766,4.0397
2020-01-02,9,1.8583,0.606,3.0364
2020-01-03,9,1.7086,0.5989,2.9621
2020-01-04,9,1.8911,0.6407,3.1341
2020-01-05,9,1.8434,0.6025,3.1057
2020-01-06,9,1.8876,0.6275,3.0474
2020-01-07,9,2.0428,0.7745,3.2762
2020-01-08,9,2.0333,0.838,3.3697
2020-02-01,9,1.6382,0.4836,2.8963
2020-02-02,9,1.6369,0.3627,2.8617
2020-02-03,9,1.7425,0.4789,2.9314
2020-02-04,9,1.9741,0.7983,3.166
2020-02-05,9,2.0557,0.7874,3.272
2020-03-01,9,2.8299,1.5349,4.0009
2020-03-02,9,2.7503,1.4928,4.0063
2020-03-03,9,2.7839,1.6504,4.0281
2020-03-04,9,2.6579,1.2725,3.9192
2020-03-05,9,2.523,1.3752,3.685
2020-03-06,9,2.2454,0.9737,3.4911
2020-03-07,9,2.3054,1.0878,3.4738
2020-03-08,9,2.143,0.9385,3.4241
2020-03-09,9,2.0827,0.8654,3.2788
2020-03-10,9,2.1456,0.933,3.4162
2020-03-11,9,2.0578,0.7669,3.2242
2020-04-01,9,2.0885,0.8703,3.3374
2020-04-02,9,2.0684,0.9264,3.3528
2020-04-03,9,1.9012,0.7305,3.0862
2020-04-04,9,2.0661,0.8245,3.3227
2020-04-05,9,2.0023,0.7968,3.2475
2020-05-01,9,2.1047,0.86,3.3697
2020-06-01,9,9.2931,8.015,10.0
2020-06-02,9,2.607,1.3693,3.9522
2020-06-03,9,2.5602,1.2777,3.7135
2020-06-04,9,2.5026,1.2432,3.7249
2020-06-05,9,2.2992,1.0849,3.5496
2020-06-06,9,2.4291,1.1795,3.6065
2020-06-07,9,2.3313,1.024,3.5602
2020-06-08,9,2.3296,1.1142,3.5368
2020-06-09,9,2.4444,1.0979,3.6931
2020-06-10,9,2.4016,1.076,3.5804
2020-06-11,9,2.3503,1.087,3.616
2020-06-12,9,2.1556,0.8715,3.3384
2020-07-01,9,2.3575,1.1694,3.5552
2020-07-02,9,2.2946,0.9921,3.6634
2020-07-03,9,2.0774,0.8595,3.3334
2020-07-04,9,2.1842,0.9648,3.4864
2020-07-05,9,2.0536,0.8246,3.2507
2020-07-06,9,2.0091,0.8011,3.2381
2020-07-07,9,2.0709,0.8352,3.2377
2020-07-08,9,1.9651,0.6307,3.1587
2020-07-09,9,1.8413,0.6261,3.0477
2020-07-10,9,1.5651,0.3484,2.8951
2020-07-11,9,1.6166,0.285,2.8655
2020-07-12,9,1.436,0.1559,2.6786
2020-08-01,9,1.3538,0.0917,2.632
2020-08-02,9,1.4453,0.1655,2.6652
2020-08-03,9,1.6433,0.3965,2.959
2020-08-04,9,1.9653,0.7341,3.2329
2020-08-05,9,2.1342,0.8501,3.4342
2020-08-06,9,2.2957,1.0472,3.5666
2020-08-07,9,2.3114,1.0123,3.5134
2020-08-08,9,2.657,1.4321,3.8315
2020-08-09,9,2.7684,1.5241,4.1064
2020-08-10,9,2.9659,1.7042,4.1538
2020-08-11,9,3.2667,2.1001,4.4412
2020-08-12,9,3.3939,2.1499,4.6329
2020-08-13,9,3.4937,2.1894,4.7423
2020-08-14,9,3.429,2.1668,4.7553
2020-08-15,9,4.0275,2.7847,5.2706
2020-08-16,9,3.6746,2.4266,4.9065
2020-08-17,9,3.7449,2.4299,4.9628
2020-09-01,9,2.4783,1.3156,3.7627
2020-09-02,9,2.3118,0.975,3.6529
2020-09-03,9,2.1424,0.8632,3.4014
2020-09-04,9,1.8368,0.5941,3.1186
2020-09-05,9,1.8754,0.6634,3.1518
2020-10-01,9,2.1745,0.9034,3.3798
2020-10-02,9,2.0218,0.8034,3.2564
2020-10-03,9,2.1999,0.8872,3.5087
2020-10-04,9,2.1482,0.919,3.3985
2020-10-05,9,2.1904,0.9353,3.4631
2020-11-01,9,2.4363,1.2243,3.743
2020-11-02,9,2.2804,1.0405,3.5326
2020-11-03,9,2.3493,1.1634,3.6335
2020-11-04,9,2.2555,1.1071,3.4628
2020-11-05,9,2.149,0.8641,3.4536
2020-11-06,9,1.896,0.6637,3.1079
2020-11-07,9,1.9765,0.7037,3.1453
2020-11-08,9,1.831,0.6342,3.0204
2020-11-09,9,1.784,0.5061,3.0233
2020-11-10,9,1.8572,0.6769,3.0524
2020-12-01,9,2.2838,1.0787,3.5209
2020-12-02,9,2.3019,1.0679,3.5462
2020-12-03,9,2.3019,1.0872,3.5714
2020-12-04,9,2.1478,0.957,3.3566
2020-12-05,9,2.3178,0.9997,3.5564
2021-01-01,9,2.6052,1.3428,3.8921
2021-01-02,9,1.8548,0.6339,3.135
2021-01-03,9,1.8095,0.5101,3.0616
2021-01-04,9,1.8576,0.5967,3.0359
2021-01-05,9,2.0181,0.8136,3.3498
2021-01-06,9,2.0153,0.8488,3.3619
2021-01-07,9,1.9969,0.7838,3.2612
2021-01-08,9,1.8268,0.5302,3.1265
2021-01-09,9,1.9831,0.7734,3.2754
2021-01-10,9,1.9041,0.6905,3.1577
2021-01-11,9,1.9131,0.6141,3.2198
2021-01-12,9,2.0301,0.8257,3.3113
2021-01-13,9,1.9811,0.7271,3.156
2021-01-14,9,1.9153,0.7404,3.1012
2021-02-01,9,1.6391,0.3534,2.9148
2021-02-02,9,1.8572,0.5809,3.1007
2021-02-03,9,1.927,0.6927,3.1447
2021-02-04,9,1.9961,0.6745,3.2478
2021-02-05,9,1.9276,0.6891,3.102
2021-02-06,9,2.1987,0.968,3.448
2021-02-07,9,2.2462,1.0341,3.4944
2021-02-08,9,2.3915,1.1056,3.7185
2021-02-09,9,2.6525,1.3277,3.8921
2021-02-10,9,2.7527,1.5983,3.9729
2021-03-01,9,2.8768,1.6512,4.1983
2021-03-02,9,2.9133,1.7084,4.1909
2021-03-03,9,2.7881,1.5756,3.9851
2021-03-04,9,2.6517,1.4173,3.9143
2021-04-01,9,2.0534,0.7964,3.328
2021-04-02,9,1.8879,0.6611,3.0935
2021-05-01,9,2.254,1.0682,3.5627
2021-05-02,9,2.84,1.5749,4.0595
2021-05-03,9,2.8821,1.5839,4.1021
2021-05-04,9,3.0351,1.7326,4.3221
2021-05-05,9,3.0246,1.8011,4.3512
2021-05-06,9,2.9993,1.7459,4.2196
2021-05-07,9,2.8241,1.6017,4.114
2021-05-08,9,0.9153,0.0,2.1606
2021-05-09,9,2.9001,1.7324,4.1067
2021-05-10,9,2.914,1.5939,4.1847
2021-05-11,9,3.0403,1.7975,4.2197
2021-05-12,9,3.0048,1.7391,4.1817
2021-06-01,9,2.6387,1.4512,3.9371
2021-06-02,9,2.5924,1.3079,3.8924
2021-06-03,9,2.5352,1.3471,3.7389
2021-06-04,9,2.332,1.0271,3.6685
2021-06-05,9,2.4616,1.0998,3.684
2021-07-01,9,2.3328,1.0203,3.6004
2021-07-02,9,2.1262,0.877,3.4258
2021-07-03,9,2.2442,0.9967,3.5108
2021-07-04,9,2.1252,0.9455,3.3159
2021-07-05,9,2.0921,0.7836,3.4006
2021-07-06,9,2.1651,0.9053,3.4806
2021-07-07,9,2.0699,0.867,3.3541
2021-07-08,9,1.9558,0.7177,3.201
2021-07-09,9,1.688,0.4812,3.0371
2021-07-10,9,1.7464,0.5164,3.0487
2021-07-11,9,1.571,0.3419,2.8404
2021-07-12,9,1.4864,0.2367,2.7048
2021-08-01,9,1.2428,0.0206,2.539
2021-08-02,9,1.4262,0.1587,2.6796
2021-08-03,9,1.7369,0.5259,3.0141
2021-08-04,9,1.8978,0.7042,3.1055
2021-08-05,9,2.0551,0.7791,3.3242
2021-08-06,9,2.0703,0.8806,3.2597
2021-08-07,9,2.4194,1.1565,3.7188
2021-09-01,9,2.4947,1.2583,3.7173
2021-09-02,9,2.3162,1.0386,3.4781
2021-09-03,9,1.9991,0.8087,3.1944
2021-09-04,9,2.024,0.8263,3.2192
2021-09-05,9,1.8315,0.5802,3.0339
2021-09-06,9,1.7463,0.5439,2.9546
2021-09-07,9,1.7897,0.4531,2.9989
2021-09-08,9,1.6879,0.4457,2.8405
2021-10-01,9,1.9909,0.7269,3.2228
2021-10-02,9,2.172,0.9544,3.4681
2021-10-03,9,2.1225,0.8315,3.2428
2021-10-04,9,2.1662,0.9139,3.461
2021-10-05,9,2.3239,0.9903,3.514
2021-11-01,9,2.4747,1.3757,3.7944
2021-11-02,9,2.4354,1.2553,3.6821
2021-11-03,9,2.3461,1.0285,3.5583
2021-11-04,9,2.2427,1.0384,3.4811
2021-11-05,9,1.9909,0.7681,3.2107
2021-11-06,9,2.071,0.7234,3.335
2021-11-07,9,1.9231,0.7501,3.2098
2021-11-08,9,1.8721,0.6692,3.1151
2021-12-01,9,2.2521,1.0661,3.3713
2021-12-02,9,2.2615,1.0197,3.6014
2021-12-03,9,2.1178,0.853,3.3292
2021-12-04,9,2.2988,1.0688,3.5258
2021-12-05,9,2.243,0.9796,3.4441
2021-12-06,9,2.2732,1.0032,3.5049
2021-12-07,9,2.4095,1.1861,3.5919
2021-12-08,9,2.3775,1.1681,3.6128
2021-12-09,9,2.3265,1.1416,3.5919
2021-12-10,9,2.1216,0.9005,3.3721
2021-12-11,9,2.2426,1.0102,3.4628
2022-01-01,9,2.7545,1.44,3.9571
2022-01-02,9,1.7758,0.4946,3.0447
2022-01-03,9,1.8259,0.7278,3.0485
2022-01-04,9,1.9899,0.8135,3.1954
2022-01-05,9,1.992,0.737,3.3112
2022-01-06,9,1.9799,0.7064,3.1923
2022-01-07,9,1.8172,0.647,3.1046
2022-01-08,9,1.9816,0.6926,3.3635
2022-01-09,9,1.9115,0.6831,3.1096
2022-01-10,9,1.9295,0.7094,3.1248
2022-01-11,9,2.0556,0.8638,3.2886
2022-01-12,9,2.0152,0.7622,3.2354
2022-01-13,9,1.9574,0.7239,3.2304
2022-01-14,9,1.7474,0.5412,3.0282
2022-01-15,9,1.8647,0.5973,3.1986
2022-02-01,9,1.7593,0.5049,3.0154
2022-02-02,9,1.8153,0.6386,3.0114
2022-02-03,9,1.8721,0.5807,3.1036
2022-02-04,9,1.7931,0.5893,3.0654
2022-02-05,9,2.0558,0.7086,3.2892
2022-02-06,9,2.0973,0.9063,3.3913
2022-02-07,9,2.239,1.0601,3.5078
2022-02-08,9,2.4991,1.2424,3.7159
2022-02-09,9,2.601,1.3882,3.871
2022-02-10,9,2.6914,1.4876,3.9757
2022-02-11,9,2.6328,1.3623,3.8428
2022-02-12,9,2.9019,1.6548,4.1655
2022-02-13,9,2.9355,1.7534,4.1749
2022-03-01,9,3.0399,1.8706,4.243
2022-03-02,9,2.9182,1.5477,4.1405
2022-03-03,9,2.783,1.5768,4.0879
2022-03-04,9,2.5009,1.345,3.723
2022-03-05,9,2.5524,1.2406,3.7512
2022-03-06,9,2.378,1.2214,3.6328
2022-03-07,9,2.3025,1.1195,3.5545
2022-03-08,9,2.3476,1.1203,3.7079
2022-03-09,9,2.2398,1.0238,3.4111
2022-03-10,9,2.1291,0.907,3.3936
2022-03-11,9,1.8808,0.5594,3.1053
2022-03-12,9,1.9743,0.7624,3.2014
2022-03-13,9,1.8488,0.6513,3.0759
2022-04-01,9,1.8733,0.7303,3.0854
2022-04-02,9,2.0412,0.8319,3.2799
2022-04-03,9,1.9795,0.7197,3.2591
2022-04-04,9,2.0119,0.7855,3.2304
2022-04-05,9,2.1587,0.9829,3.3302
2022-04-06,9,2.1461,0.9209,3.3174
2022-04-07,9,2.1231,0.7938,3.4319
2022-04-08,9,1.9551,0.6612,3.1824
2022-05-01,9,2.1753,0.861,3.4196
2022-05-02,9,2.8575,1.5784,4.0934
2022-05-03,9,3.016,1.7707,4.218
2022-06-01,9,2.624,1.3122,3.8944
2022-06-02,9,2.5675,1.3798,3.786
2022-07-01,9,2.1619,0.8974,3.4182
2022-07-02,9,2.2904,1.0377,3.4959
2022-07-03,9,2.1824,0.9602,3.4497
2022-07-04,9,2.1607,0.9398,3.3643
2022-07-05,9,2.2453,0.9805,3.4966
2022-07-06,9,2.1614,0.9256,3.4577
2022-07-07,9,2.058,0.758,3.2823
2022-07-08,9,1.8002,0.566,3.0786
2022-07-09,9,1.8674,0.5632,3.0554
2022-07-10,9,1.6993,0.5178,2.9714
2022-07-11,9,1.6203,0.4323,2.8205
2022-07-12,9,1.6519,0.3969,2.8374
2022-07-13,9,1.5213,0.3005,2.7351
2022-08-01,9,1.2278,0.0,2.4751
2022-08-02,9,1.5232,0.2072,2.7781
2022-08-03,9,1.6719,0.3651,2.8003
2022-08-04,9,1.8203,0.5895,2.9452
2022-08-05,9,1.8304,0.5295,3.0668
2022-08-06,9,2.178,0.9752,3.3521
2022-08-07,9,2.299,1.0997,3.4783
2022-08-08,9,2.5136,1.2544,3.6459
2022-08-09,9,2.8389,1.5845,4.0796
2022-08-10,9,2.9974,1.7777,4.2875
2022-08-11,9,3.1349,1.9422,4.4769
2022-09-01,9,2.501,1.2971,3.7446
2022-09-02,9,2.1754,0.9836,3.4731
2022-09-03,9,2.1893,0.92,3.4503
2022-09-04,9,1.9837,0.6877,3.2907
2022-10-01,9,2.1402,0.8766,3.399
2022-10-02,9,2.0938,0.8233,3.3344
2022-10-03,9,2.14,0.8644,3.4009
2022-10-04,9,2.2995,1.0702,3.5847
2022-10-05,9,2.2983,1.0197,3.5208
2022-10-06,9,2.2858,1.0367,3.4245
2022-10-07,9,2.1272,0.9422,3.411
2022-10-08,9,2.3017,1.0294,3.5717
2022-10-09,9,2.2488,1.0188,3.5111
2022-10-10,9,2.2919,1.0673,3.5297
2022-10-11,9,2.4515,1.1617,3.7282
2022-10-12,9,2.4532,1.1386,3.7275
2022-10-13,9,2.4457,1.1409,3.6511
2022-10-14,9,2.2936,1.1118,3.5245
2022-10-15,9,2.4753,1.2408,3.7224
2022-10-16,9,2.4292,1.124,3.6782
2022-11-01,9,2.628,1.4809,3.9447
2022-11-02,9,2.4309,1.1845,3.7133
2022-11-03,9,2.3323,1.0435,3.507
2022-11-04,9,2.0839,0.7749,3.2471
2022-11-05,9,2.1657,0.827,3.4345
2022-11-06,9,2.0179,0.7506,3.2306
2022-11-07,9,1.965,0.7751,3.1726
2022-11-08,9,2.0287,0.6544,3.1798
2022-11-09,9,1.9359,0.6972,3.2402
2022-11-10,9,1.8368,0.547,3.0706
2022-11-11,9,0.9783,0.0,2.2493
2022-11-12,9,1.6981,0.4751,2.9426
2022-11-13,9,1.5783,0.4328,2.7386
2022-11-14,9,1.5624,0.3058,2.8485
2022-11-15,9,1.6714,0.4847,2.9214
2022-11-16,9,1.6312,0.397,2.812
2022-11-17,9,1.5908,0.468,2.8709
2022-11-18,9,1.4151,0.1582,2.6464
2022-11-19,9,1.5826,0.3851,2.7143
2022-11-20,9,1.5315,0.3159,2.7004
2022-11-21,9,1.5846,0.3865,2.8934
2022-11-22,9,1.7611,0.5963,2.9305
2022-11-23,9,1.7853,0.4041,2.9011
2022-11-24,9,1.8048,0.5108,3.1373
2022-11-25,9,1.6828,0.4493,3.045
2022-11-26,9,1.8966,0.6721,3.1068
2022-11-27,9,1.8835,0.6044,3.1326
2022-11-28,9,1.9651,0.7748,3.2628
2022-11-29,9,2.1601,0.9016,3.4287
2022-11-30,9,2.1925,0.9872,3.3996
2022-12-01,9,2.2096,1.077,3.4643
2022-12-02,9,2.0749,0.751,3.2756
2022-12-03,9,2.2662,1.0238,3.492
2022-12-04,9,2.2212,0.935,3.4303
2022-12-05,9,2.2628,1.0118,3.52
2022-12-06,9,2.4106,1.147,3.6626
2022-12-07,9,2.39,1.2603,3.6607
2022-12-08,9,2.3498,1.2033,3.678
2022-12-09,9,2.1551,1.0228,3.2417
2022-12-10,9,2.2853,1.0103,3.5988
2022-12-11,9,2.1798,1.0023,3.5026
2022-12-12,9,2.1631,0.9565,3.4289
2022-12-13,9,2.2563,1.0537,3.5539
2022-12-14,9,2.1863,0.9991,3.4782
2022-12-15,9,2.1031,0.8611,3.3702
2019-01-01,10,1.8884,0.641,3.0527
2019-01-02,10,2.1195,0.8128,3.2763
2019-01-03,10,2.1843,1.0394,3.3659
2019-01-04,10,2.0545,0.7969,3.1509
2019-01-05,10,1.9282,0.6496,3.0764
2019-01-06,10,1.9057,0.6694,3.0597
2019-01-07,10,1.7835,0.5315,2.9924
2019-01-08,10,1.6232,0.3979,2.7994
2019-01-09,10,1.7832,0.4653,2.9119
2019-01-10,10,1.9124,0.6449,3.1219
2019-01-11,10,1.8509,0.5962,2.987
2019-02-01,10,2.854,1.7278,4.093
2019-02-02,10,2.7967,1.5377,4.0238
2019-03-01,10,2.5409,1.2531,3.7978
2019-03-02,10,2.4909,1.2865,3.6347
2019-03-03,10,2.536,1.371,3.7872
2019-03-04,10,2.4714,1.2534,3.671
2019-03-05,10,2.3576,1.1039,3.5567
2019-03-06,10,2.5521,1.2261,3.7429
2019-03-07,10,2.7033,1.4844,3.9092
2019-03-08,10,2.6507,1.4201,3.9044
2019-03-09,10,2.5912,1.3546,3.8137
2019-03-10,10,2.6238,1.4049,3.8109
2019-03-11,10,2.5443,1.3309,3.7797
2019-04-01,10,2.424,1.1434,3.6207
2019-04-02,10,2.3047,1.0701,3.4696
2019-04-03,10,2.4968,1.3838,3.7503
2019-04-04,10,2.6487,1.4881,3.8461
2019-04-05,10,2.6,1.3846,3.7419
2019-04-06,10,2.5471,1.2929,3.7
2019-04-07,10,2.5889,1.3307,3.8163
2019-04-08,10,2.5207,1.2372,3.7646
2019-04-09,10,2.4031,1.2044,3.5744
2019-04-10,10,2.5935,1.3287,3.7602
2019-04-11,10,2.7403,1.4974,3.984
2019-04-12,10,2.6833,1.5106,3.9295
2019-04-13,10,2.6189,1.3826,3.7912
2019-04-14,10,2.6464,1.4642,3.7667
2019-05-01,10,1.7816,0.6147,2.9698
2019-05-02,10,2.382,1.174,3.6257
2019-05-03,10,2.2999,1.0486,3.6073
2019-05-04,10,2.2158,1.005,3.4734
2019-05-05,10,2.2294,1.0408,3.3851
2019-05-06,10,2.1362,0.9088,3.3029
2019-05-07,10,1.9973,0.8026,3.1697
2019-06-01,10,2.3055,1.1768,3.5943
2019-06-02,10,2.3549,1.0973,3.5254
2019-06-03,10,2.2991,1.1207,3.5059
2019-06-04,10,2.1992,1.0689,3.4311
2019-06-05,10,2.4133,1.1505,3.6708
2019-06-06,10,2.5904,1.3577,3.7112
2019-06-07,10,2.5704,1.3975,3.672
2019-06-08,10,2.55,1.4085,3.81
2019-06-09,10,2.6283,1.4107,3.8479
2019-06-10,10,3.2209,2.0064,4.4594
2019-06-11,10,2.5275,1.2506,3.771
2019-06-12,10,2.7662,1.5218,3.9587
2019-06-13,10,2.9648,1.8327,4.1768
2019-06-14,10,2.9624,1.6846,4.1631
2019-06-15,10,2.9551,1.668,4.2279
2019-07-01,10,3.0512,1.9194,4.3685
2019-07-02,10,2.8536,1.6142,4.0286
2019-07-03,10,2.9581,1.7592,4.2138
2019-07-04,10,3.0144,1.8228,4.1864
2019-07-05,10,2.8636,1.576,4.0995
2019-07-06,10,2.7038,1.4757,3.9202
2019-07-07,10,2.6357,1.365,3.8966
2019-07-08,10,2.4565,1.1485,3.8091
2019-07-09,10,2.2285,1.0339,3.4542
2019-07-10,10,2.3112,1.066,3.5255
2019-07-11,10,2.3547,1.1747,3.518
2019-07-12,10,2.2002,0.9995,3.4332
2019-07-13,10,2.046,0.7912,3.2705
2019-08-01,10,1.8976,0.6292,3.174
2019-08-02,10,1.8575,0.6263,3.0686
2019-09-01,10,1.8189,0.5906,3.0625
2019-09-02,10,1.8055,0.5099,3.0791
2019-09-03,10,1.749,0.4677,2.9537
2019-09-04,10,2.0061,0.7191,3.2398
2019-09-05,10,2.2245,1.0229,3.4666
2019-09-06,10,2.2428,1.0115,3.5052
2019-10-01,10,1.7548,0.6797,3.0813
2019-10-02,10,1.8461,0.547,3.1808
2019-10-03,10,1.8997,0.7285,3.2188
2019-10-04,10,1.757,0.4237,2.9577
2019-10-05,10,1.6164,0.4883,2.7718
2019-10-06,10,1.5783,0.3565,2.8158
2019-11-01,10,2.8468,1.6637,4.12
2019-11-02,10,2.4248,1.2401,3.6026
2019-11-03,10,2.4662,1.322,3.7037
2019-12-01,10,2.1704,0.9617,3.4034
2019-12-02,10,2.1578,0.9613,3.4046
2019-12-03,10,2.1018,0.9304,3.3226
2019-12-04,10,2.3591,1.1326,3.5723
2020-01-01,10,2.0631,0.8483,3.2313
2020-01-02,10,2.2517,1.0268,3.4936
2020-01-03,10,2.1135,0.9897,3.3016
2020-01-04,10,1.9774,0.8297,3.2256
2020-01-05,10,1.9441,0.7283,3.0833
2020-01-06,10,1.81,0.6237,2.984
2020-01-07,10,1.6371,0.43,2.9165
2020-01-08,10,1.784,0.5161,3.0237
2020-01-09,10,1.9,0.631,3.1128
2020-01-10,10,1.8251,0.5684,2.9944
2020-01-11,10,1.7565,0.4912,2.9171
2020-01-12,10,1.7933,0.5209,3.0097
2020-01-13,10,1.7308,0.5214,3.0142
2020-01-14,10,1.6295,0.4304,2.8533
2020-01-15,10,1.8468,0.6687,3.072
2020-02-01,10,2.7573,1.5537,3.9724
2020-02-02,10,2.7968,1.5191,3.9695
2020-02-03,10,2.7198,1.4376,3.9066
2020-02-04,10,2.5876,1.3344,3.8529
2020-02-05,10,2.7587,1.515,4.0373
2020-02-06,10,2.8825,1.7064,4.106
2020-03-01,10,2.4885,1.2216,3.6139
2020-03-02,10,2.4243,1.1513,3.5761
2020-03-03,10,2.3116,1.1634,3.5938
2020-03-04,10,2.5079,1.3447,3.7483
2020-03-05,10,2.6614,1.3516,3.9017
2020-03-06,10,2.6117,1.4132,3.7646
2020-04-01,10,2.4561,1.1461,3.7199
2020-04-02,10,2.6064,1.437,3.8158
2020-04-03,10,2.5567,1.2383,3.8399
2020-04-04,10,2.5034,1.3014,3.6853
2020-04-05,10,2.5454,1.3003,3.7158
2020-04-06,10,2.4781,1.2842,3.7515
2020-04-07,10,2.3619,1.089,3.633
2020-04-08,10,2.5543,1.2962,3.7114
2020-04-09,10,2.7038,1.5502,3.9227
2020-04-10,10,2.6498,1.2498,3.8687
2020-04-11,10,2.589,1.3837,3.7684
2020-04-12,10,2.6204,1.4381,3.8681
2020-04-13,10,3.1223,1.9601,4.2704
2020-04-14,10,2.4069,1.1758,3.5295
2020-05-01,10,1.8151,0.5967,3.0939
2020-05-02,10,2.2114,1.0098,3.424
2020-05-03,10,2.2217,0.9698,3.4685
2020-06-01,10,2.862,1.544,4.1193
2020-06-02,10,2.1367,0.8595,3.3306
2020-06-03,10,2.3455,1.0771,3.5795
2020-06-04,10,2.5171,1.3393,3.7075
2020-06-05,10,2.4918,1.3046,3.6901
2020-06-06,10,2.4663,1.1273,3.6751
2020-06-07,10,2.5398,1.3059,3.7527
2020-06-08,10,2.508,1.2396,3.7666
2020-06-09,10,2.4313,1.2082,3.6887
2020-06-10,10,2.6673,1.3706,3.9429
2020-06-11,10,2.8641,1.6091,4.0421
2020-06-12,10,2.8611,1.6371,4.0004
2020-07-01,10,3.0255,1.891,4.3286
2020-07-02,10,3.0904,1.8754,4.2979
2020-07-03,10,2.9469,1.7071,4.1709
2020-07-04,10,2.793,1.4998,4.0119
2020-07-05,10,2.7292,1.483,3.9439
2020-07-06,10,2.5525,1.3634,3.708
2020-07-07,10,2.3254,1.1195,3.5808
2020-07-08,10,2.4072,1.1924,3.551
2020-07-09,10,2.4481,1.25,3.6663
2020-07-10,10,2.2895,1.0812,3.4875
2020-07-11,10,2.1297,0.863,3.2092
2020-07-12,10,2.0691,0.8158,3.3556
2020-07-13,10,1.9048,0.7683,3.1207
2020-08-01,10,1.759,0.5999,3.0151
2020-08-02,10,1.8074,0.6593,3.0121
2020-08-03,10,1.743,0.506,3.0228
2020-08-04,10,1.6263,0.4233,2.8903
2020-08-05,10,1.8146,0.6143,3.1038
2020-09-01,10,1.6324,0.435,2.9504
2020-09-02,10,1.8845,0.7343,3.1492
2020-09-03,10,2.0994,0.8343,3.3539
2020-09-04,10,2.1158,0.9067,3.3147
2020-09-05,10,2.1295,0.9389,3.3667
2020-09-06,10,2.2384,0.9378,3.4622
2020-09-07,10,2.2368,0.9346,3.3837
2020-09-08,10,2.1844,0.9064,3.4288
2020-09-09,10,2.4377,1.2887,3.6837
2020-09-10,10,2.6441,1.3152,3.8819
2020-10-01,10,1.9808,0.7314,3.1828
2020-10-02,10,1.832,0.6219,3.0006
2020-10-03,10,1.6835,0.4801,2.9813
2020-10-04,10,1.6361,0.3927,2.8671
2020-10-05,10,1.4867,0.2429,2.6605
2020-10-06,10,1.2974,0.0656,2.5655
2020-10-07,10,1.4273,0.2295,2.5842
2020-10-08,10,1.5256,0.2979,2.8332
2020-10-09,10,1.4332,0.2131,2.5881
2020-10-10,10,1.3472,0.0522,2.4989
2020-10-11,10,1.3671,0.1629,2.6358
2020-10-12,10,1.2888,0.1304,2.5617
2020-10-13,10,1.1728,0.0087,2.4616
2020-10-14,10,1.377,0.1004,2.5425
2020-10-15,10,1.5493,0.3187,2.6696
2020-10-16,10,1.5291,0.3658,2.844
2020-10-17,10,1.5124,0.1957,2.7918
2020-10-18,10,1.5975,0.27,2.7125
2020-11-01,10,2.7993,1.623,4.0314
2020-11-02,10,2.3564,1.0879,3.597
2020-11-03,10,2.2337,1.0481,3.469
2020-11-04,10,2.4122,1.2056,3.6673
2020-11-05,10,2.5408,1.3027,3.7628
2020-11-06,10,2.4601,1.2579,3.69
2020-11-07,10,2.3677,1.1357,3.5462
2020-11-08,10,2.3637,1.1556,3.606
2020-11-09,10,2.2448,0.8934,3.4359
2020-12-01,10,1.9847,0.7898,3.2288
2020-12-02,10,2.2374,0.9996,3.4131
2020-12-03,10,2.4526,1.1683,3.5786
2020-12-04,10,2.4689,1.2058,3.7032
2020-12-05,10,2.482,1.2563,3.6517
2020-12-06,10,2.59,1.4429,3.8025
2020-12-07,10,2.587,1.3789,3.8103
2020-12-08,10,2.5329,1.2492,3.7854
2020-12-09,10,2.7842,1.5514,4.0054
2020-12-10,10,2.9885,1.7444,4.1701
2020-12-11,10,2.9845,1.8179,4.2045
2020-12-12,10,2.968,1.846,4.1999
2020-12-13,10,3.0376,1.9242,4.1837
2020-12-14,10,2.9881,1.6754,4.2635
2020-12-15,10,2.8799,1.7363,3.9967
2020-12-16,10,3.0706,1.955,4.3361
2020-12-17,10,3.2087,2.0741,4.4264
2020-12-18,10,3.1341,1.8628,4.4292
2020-12-19,10,3.044,1.8401,4.2761
2020-12-20,10,3.038,1.8752,4.2689
2021-01-01,10,2.0525,0.8021,3.2919
2021-01-02,10,2.0391,0.7386,3.2054
2021-01-03,10,1.9963,0.8159,3.2524
2021-01-04,10,1.8516,0.6579,3.0297
2021-01-05,10,1.6671,0.4626,2.9461
2021-01-06,10,1.8016,0.6608,3.0518
2021-02-01,10,2.688,1.4531,3.8604
2021-02-02,10,2.5646,1.36,3.7654
2021-02-03,10,2.7438,1.511,3.9721
2021-02-04,10,2.8751,1.6106,4.1496
2021-02-05,10,2.799,1.5738,4.0643
2021-02-06,10,2.713,1.5665,3.9284
2021-02-07,10,2.7174,1.4632,3.9918
2021-03-01,10,2.378,1.1512,3.4795
2021-03-02,10,2.2656,1.122,3.4169
2021-03-03,10,2.4629,1.3095,3.6974
2021-04-01,10,2.5679,1.3177,3.8177
2021-04-02,10,2.5165,1.2339,3.7057
2021-04-03,10,2.462,1.1622,3.704
2021-04-04,10,2.5035,1.3009,3.7159
2021-04-05,10,3.0192,1.7108,4.2359
2021-04-06,10,2.3208,1.1298,3.5024
2021-04-07,10,2.5146,1.369,3.7465
2021-04-08,10,2.666,1.4784,3.821
2021-04-09,10,2.6145,1.4241,3.813
2021-04-10,10,2.5567,1.4324,3.7519
2021-04-11,10,2.5915,1.3789,3.7273
2021-04-12,10,2.5143,1.3286,3.7502
2021-04-13,10,2.3859,1.152,3.5609
2021-04-14,10,2.5641,1.3615,3.7802
2021-05-01,10,1.7296,0.5407,3.0751
2021-05-02,10,2.2203,1.0229,3.4594
2021-05-03,10,2.1207,0.8156,3.3822
2021-05-04,10,1.9754,0.6144,3.12
2021-05-05,10,2.1425,0.966,3.4583
2021-05-06,10,2.2708,1.0548,3.4638
2021-05-07,10,2.2002,0.9044,3.5173
2021-05-08,10,1.0718,0.0,2.34
2021-05-09,10,2.1519,0.8474,3.3879
2021-05-10,10,2.069,0.9029,3.3019
2021-05-11,10,1.9395,0.7316,3.0972
2021-05-12,10,2.1211,0.9413,3.4541
2021-05-13,10,1.1285,0.0,2.2797
2021-06-01,10,2.0833,0.8217,3.2537
2021-06-02,10,2.287,1.0679,3.5561
2021-06-03,10,2.4534,1.1148,3.5887
2021-06-04,10,2.4226,1.1533,3.6292
2021-06-05,10,2.3917,1.2465,3.5752
2021-06-06,10,2.4601,1.3184,3.6646
2021-06-07,10,2.4234,1.2506,3.6337
2021-06-08,10,2.3424,1.1371,3.564
2021-06-09,10,2.5747,1.2706,3.7623
2021-06-10,10,2.7686,1.5645,3.986
2021-06-11,10,2.7636,1.4945,4.0515
2021-06-12,10,2.7558,1.5083,4.0212
2021-06-13,10,2.8439,1.6366,3.9953
2021-06-14,10,2.8227,1.5965,3.966
2021-06-15,10,2.7522,1.6118,3.9801
2021-06-16,10,2.9894,1.8117,4.1108
2021-06-17,10,3.1821,1.943,4.4243
2021-06-18,10,3.1693,1.8906,4.4704
2021-06-19,10,3.1469,1.9946,4.3719
2021-06-20,10,3.2132,2.0379,4.3688
2021-07-01,10,3.1586,1.9297,4.3792
2021-07-02,10,3.0241,1.9419,4.2666
2021-07-03,10,2.8779,1.7068,4.154
2021-08-01,10,1.759,0.5854,3.0139
2021-08-02,10,1.6988,0.4847,2.8484
2021-08-03,10,1.5871,0.3402,2.8944
2021-08-04,10,1.7813,0.4782,2.9451
2021-08-05,10,1.9295,0.8502,3.0749
2021-08-06,10,1.8712,0.6556,3.1202
2021-08-07,10,1.8033,0.618,3.0436
2021-08-08,10,1.8249,0.5993,3.0345
2021-08-09,10,1.7319,0.4711,2.9278
2021-08-10,10,1.5857,0.2866,2.8247
2021-08-11,10,1.7446,0.4826,2.8966
2021-08-12,10,1.8581,0.6338,3.0731
2021-08-13,10,1.7669,0.5297,3.0145
2021-08-14,10,1.6689,0.5349,2.8746
2021-09-01,10,1.7734,0.668,2.9147
2021-09-02,10,1.9829,0.7367,3.1515
2021-09-03,10,1.9954,0.6908,3.2923
2021-09-04,10,2.0069,0.7502,3.2475
2021-09-05,10,2.1153,0.7945,3.2815
2021-09-06,10,2.1149,0.8882,3.3774
2021-09-07,10,2.0656,0.8576,3.2618
2021-09-08,10,2.3237,1.1058,3.4996
2021-09-09,10,2.5368,1.3891,3.729
2021-09-10,10,2.5433,1.3429,3.7469
2021-09-11,10,2.5391,1.3056,3.6919
2021-09-12,10,2.6222,1.4578,3.9516
2021-09-13,10,2.5872,1.4434,3.9354
2021-09-14,10,2.4944,1.2542,3.6667
2021-09-15,10,2.701,1.4735,3.9608
2021-09-16,10,2.8552,1.6105,4.0694
2021-09-17,10,2.7965,1.5449,4.0338
2021-10-01,10,1.9188,0.7742,3.1438
2021-10-02,10,1.7645,0.4926,2.9854
2021-10-03,10,1.7097,0.5811,2.9271
2021-10-04,10,1.5514,0.2982,2.7424
2021-10-05,10,1.3518,0.1919,2.6073
2021-10-06,10,1.4702,0.1879,2.7553
2021-11-01,10,2.6915,1.4075,3.8632
2021-11-02,10,2.2025,1.007,3.4244
2021-11-03,10,2.3919,1.1359,3.5958
2021-11-04,10,2.531,1.3505,3.7609
2021-11-05,10,2.4604,1.2381,3.6794
2021-11-06,10,2.3772,1.1989,3.5997
2021-11-07,10,2.3815,1.1844,3.6141
2021-12-01,10,2.1267,0.988,3.2613
2021-12-02,10,2.3369,1.0873,3.5588
2021-12-03,10,2.3498,1.069,3.5895
2021-12-04,10,2.3612,1.0838,3.5897
2021-12-05,10,2.4691,1.2179,3.6236
2021-12-06,10,2.4679,1.3011,3.6647
2021-12-07,10,2.4173,1.2421,3.5914
2021-12-08,10,2.6739,1.4915,3.9285
2021-12-09,10,2.885,1.7089,4.0113
2021-12-10,10,2.8894,1.7265,4.119
2021-12-11,10,2.8828,1.5773,4.114
2021-12-12,10,2.9634,1.7292,4.1943
2021-12-13,10,2.9261,1.7378,4.1406
2021-12-14,10,2.8308,1.6688,3.9745
2022-01-01,10,1.9851,0.7735,3.1407
2022-01-02,10,2.0653,0.787,3.3496
2022-01-03,10,1.9115,0.6897,3.1079
2022-01-04,10,1.7167,0.4972,2.9582
2022-01-05,10,1.8398,0.6262,3.0707
2022-01-06,10,1.9305,0.6314,3.1528
2022-01-07,10,1.8296,0.5421,2.9905
2022-01-08,10,1.7344,0.4298,2.8535
2022-01-09,10,1.7448,0.4694,2.9346
2022-01-10,10,1.6566,0.4375,2.8168
2022-01-11,10,1.5306,0.3247,2.7122
2022-01-12,10,1.7248,0.4991,2.9417
2022-01-13,10,1.8873,0.7222,3.0894
2022-02-01,10,2.5353,1.3065,3.7392
2022-02-02,10,2.7235,1.4918,4.0104
2022-02-03,10,2.8631,1.5231,4.1198
2022-02-04,10,2.7946,1.646,4.0484
2022-02-05,10,2.7154,1.4526,3.9209
2022-02-06,10,2.7257,1.5241,4.0495
2022-02-07,10,2.6219,1.3681,3.788
2022-02-08,10,2.4658,1.2508,3.6016
2022-02-09,10,2.6165,1.4005,3.8625
2022-02-10,10,2.7235,1.4545,3.9383
2022-02-11,10,2.6278,1.4648,3.8164
2022-02-12,10,2.5274,1.308,3.7648
2022-03-01,10,2.2238,1.0119,3.3985
2022-03-02,10,2.4211,1.1695,3.5971
2022-03-03,10,2.577,1.3302,3.7486
2022-03-04,10,2.531,1.32,3.8273
2022-03-05,10,2.4795,1.2644,3.6841
2022-03-06,10,2.5213,1.2461,3.684
2022-03-07,10,2.4518,1.2997,3.6436
2022-04-01,10,2.4824,1.2147,3.7311
2022-04-02,10,2.4261,1.2152,3.6432
2022-04-03,10,2.4663,1.2535,3.6653
2022-04-04,10,2.3983,1.045,3.4869
2022-05-01,10,1.7426,0.5557,3.0248
2022-05-02,10,2.1235,0.8228,3.3817
2022-05-03,10,1.975,0.7297,3.1406
2022-05-04,10,2.1389,0.9805,3.3043
2022-06-01,10,2.2378,0.9144,3.4486
2022-06-02,10,2.3991,1.1457,3.6454
2022-06-03,10,2.3631,1.1831,3.5996
2022-06-04,10,2.3268,1.0965,3.5433
2022-06-05,10,2.3898,1.199,3.6109
2022-06-06,10,2.9681,1.7351,4.1484
2022-06-07,10,2.2619,1.0211,3.4616
2022-06-08,10,2.4897,1.308,3.6866
2022-07-01,10,3.0923,1.9076,4.3014
2022-07-02,10,2.9554,1.8144,4.1853
2022-07-03,10,2.9058,1.6736,4.2006
2022-07-04,10,2.7404,1.5377,3.9943
2022-07-05,10,2.5214,1.3399,3.7908
2022-07-06,10,2.6079,1.4429,3.8329
2022-07-07,10,2.6501,1.452,3.8131
2022-07-08,10,2.4894,1.1897,3.6928
2022-08-01,10,1.6515,0.3792,3.0056
2022-08-02,10,1.5437,0.3089,2.8178
2022-08-03,10,1.7428,0.4922,2.9505
2022-08-04,10,1.8966,0.5773,3.0954
2022-08-05,10,1.8445,0.5745,2.9592
2022-08-06,10,1.7832,0.533,2.9344
2022-08-07,10,1.8115,0.6066,2.977
2022-08-08,10,1.7252,0.4889,2.9583
2022-09-01,10,1.8749,0.6744,3.0083
2022-09-02,10,1.8817,0.7344,3.048
2022-09-03,10,1.8888,0.6744,3.0676
2022-09-04,10,1.9945,0.8461,3.1768
2022-09-05,10,1.9933,0.7356,3.1986
2022-10-01,10,1.8537,0.6281,3.1496
2022-10-02,10,1.7935,0.5722,2.9791
2022-10-03,10,1.6281,0.4183,2.8408
2022-10-04,10,1.42,0.2323,2.6069
2022-10-05,10,1.5284,0.3241,2.615
2022-10-06,10,1.6032,0.3404,2.7944
2022-10-07,10,1.4855,0.3677,2.7302
2022-10-08,10,1.373,0.1137,2.52
2022-10-09,10,1.3658,0.1673,2.5732
2022-10-10,10,1.26,0.1875,2.4796
2022-10-11,10,1.1169,0.0,2.2972
2022-10-12,10,1.2947,0.0899,2.5382
2022-11-01,10,2.5356,1.3486,3.7837
2022-11-02,10,2.3587,1.153,3.578
2022-11-03,10,2.5088,1.2581,3.7632
2022-11-04,10,2.4487,1.2575,3.8281
2022-11-05,10,2.3757,1.1577,3.6569
2022-11-06,10,2.3895,1.1702,3.5323
2022-11-07,10,2.2863,1.0578,3.4725
2022-11-08,10,2.128,0.8743,3.4293
2022-11-09,10,2.2733,1.0699,3.4606
2022-11-10,10,2.3721,1.0692,3.6079
2022-11-11,10,1.0175,0.0,2.2911
2022-11-12,10,2.1514,0.8815,3.3205
2022-11-13,10,2.1305,0.8915,3.3189
2022-11-14,10,2.0,0.766,3.2195
2022-11-15,10,1.822,0.6574,3.033
2022-11-16,10,1.9558,0.7962,3.2232
2022-11-17,10,2.0515,0.7905,3.2926
2022-12-01,10,2.2281,1.013,3.494
2022-12-02,10,2.2356,1.1012,3.5156
2022-12-03,10,2.2431,1.0064,3.4106
2022-12-04,10,2.3489,1.1375,3.5715
2022-12-05,10,2.3473,1.1668,3.5016
2022-12-06,10,2.2979,0.9832,3.5128
2022-12-07,10,2.5576,1.4393,3.8033
2022-12-08,10,2.7735,1.5879,4.0315
2022-12-09,10,2.7843,1.569,3.9525
2022-12-10,10,2.7858,1.6048,3.9432
2022-12-11,10,2.8759,1.6797,4.1907
2022-12-12,10,2.8493,1.6548,4.1251
2022-12-13,10,2.7659,1.5398,4.0007
2022-12-14,10,2.983,1.774,4.1955
2022-12-15,10,3.1485,1.9308,4.4291
2022-12-16,10,3.1019,1.8967,4.3276
2022-12-17,10,3.0398,1.8114,4.2136
2022-12-18,10,3.0614,1.8946,4.3168
2022-12-19,10,2.9625,1.7007,4.2157
2022-12-20,10,2.8043,1.5931,4.1048
2022-12-21,10,2.9453,1.742,4.1138
2022-12-22,10,3.035,1.8175,4.2858
2022-12-23,10,2.9142,1.772,4.1295
2022-12-24,10,2.7807,1.5702,3.9859
2022-12-25,10,2.7351,1.5406,3.8958
2022-12-26,10,2.5744,1.3569,3.8397
2022-12-27,10,2.361,1.1744,3.6253
2022-12-28,10,2.4544,1.2586,3.7285
2022-12-29,10,2.5048,1.3509,3.6548
2022-12-30,10,2.3537,1.167,3.6351
2022-12-31,10,2.1998,0.9602,3.433
